return_id,product_id,quantity,item_condition,refund_amount
87,1328,5,Unused,417.41
122,3977,2,Damaged,507.61
136,1374,3,Unused,581.09
2,3448,2,Damaged,6228.26
72,5783,2,Damaged,256.97
43,5748,3,Opened,514.84
113,3841,7,Opened,20136.49
109,1007,6,Opened,283.32
68,2220,2,Damaged,73.55
26,5522,1,Damaged,1396.18
90,2558,1,Unused,57168.94
137,995,1,Unused,77.17
54,2500,6,Damaged,47392.15
58,2463,1,Unused,56175.83
86,3329,4,Opened,10362.35
98,3986,5,Opened,117326.17
1,3514,5,Damaged,8660.99
3,3812,8,Opened,32469.68
81,2938,2,Unused,4887.27
93,3492,5,Opened,89402.58
106,5173,6,Unused,11814.96
11,5116,3,Opened,88469.89
46,1791,3,Opened,419.88
3,3610,1,Opened,1809.93
100,238,1,Damaged,98.37
1,3531,2,Opened,5016.49
11,5116,2,Unused,65893.37
138,2965,6,Damaged,9713.08
85,4616,2,Unused,324.12
71,399,1,Opened,529.47
67,2829,1,Opened,18921.43
134,1098,1,Opened,63.22
56,4489,1,Unused,5881.66
100,4852,2,Unused,2334.39
147,4830,1,Damaged,198.97
110,457,1,Opened,96.05
52,3202,2,Opened,3159.36
75,2161,8,Unused,34882.03
55,1521,1,Unused,157.95
90,1758,5,Opened,491.21
147,3249,1,Unused,3150.84
6,1563,2,Damaged,482.9
137,2283,1,Opened,366.82
21,1938,1,Damaged,48.51
81,3687,7,Damaged,15917.43
70,5386,4,Opened,5755.24
133,5666,1,Unused,77.82
124,5249,4,Opened,616.29
22,2066,1,Opened,2145.99
37,313,7,Opened,596.81
120,3114,1,Unused,4481.97
70,6093,1,Damaged,232.86
125,2202,1,Unused,562.19
38,1888,2,Opened,4577.99
129,4871,2,Opened,754.03
73,4526,3,Opened,1238.06
45,5059,5,Damaged,84294.92
62,5184,5,Opened,1830.36
53,1245,3,Opened,69.4
99,4251,1,Damaged,3403.39
1,3514,3,Unused,7129.7
116,4185,5,Unused,24147.85
114,5215,2,Unused,572.32
41,2000,2,Unused,133437.55
42,5425,3,Opened,695.42
114,4748,3,Unused,3408.38
98,4976,2,Damaged,3780.98
96,4092,2,Unused,759.61
95,5027,1,Unused,20646.17
148,2449,1,Unused,89126.2
104,1681,3,Opened,971.21
101,6010,6,Opened,519.06
141,3831,5,Unused,31695.78
16,4851,1,Opened,404.4
48,5298,2,Damaged,275.15
90,5797,8,Damaged,406.71
96,4092,5,Unused,2098.53
41,3256,1,Unused,3430.75
142,5926,7,Opened,12225.2
8,2084,1,Opened,848.41
76,3160,3,Opened,10324.1
42,6287,5,Opened,2926.63
42,5425,5,Unused,1534.14
88,4586,3,Opened,14231.04
105,695,1,Damaged,2047.69
67,2829,3,Unused,62447.33
138,2965,7,Damaged,13652.91
112,5267,2,Opened,68.54
105,4003,1,Unused,9270.68
118,1205,1,Unused,341.76
125,1254,6,Opened,316.01
20,5146,4,Unused,42308.18
53,2363,4,Unused,69733.56
113,3841,3,Damaged,7002.91
99,5613,6,Unused,668.89
8,1059,10,Damaged,653.5
138,549,1,Damaged,78.41
50,5559,2,Opened,138.57
17,3424,3,Opened,6554.75
9,89,1,Damaged,52.52
125,1254,8,Unused,577.39
140,2884,6,Opened,13077.83
93,3492,1,Opened,18592.94
127,3111,4,Damaged,4688.04
112,5267,1,Opened,36.6
42,5955,3,Opened,17775.98
33,135,3,Unused,283.37
17,5011,1,Unused,14163.68
50,5559,10,Unused,833.66
53,2432,3,Unused,165829.35
137,995,1,Damaged,24.52
16,1598,1,Opened,188.22
21,2746,4,Unused,371877.5
115,2858,1,Opened,521.62
30,887,1,Opened,926.35
35,72,2,Opened,844.59
12,741,1,Unused,780.07
46,168,2,Unused,251.89
91,4027,3,Damaged,7802.47
5,2122,3,Damaged,546.66
50,129,1,Unused,187.49
135,5404,5,Opened,1077.8
125,5474,2,Opened,745.32
26,5522,1,Damaged,2239.39
132,3310,1,Opened,57.67
27,166,1,Opened,82.25
90,5797,3,Opened,319.26
59,4582,6,Damaged,2080.48
122,789,2,Opened,1923.8
110,457,1,Unused,144.13
58,2904,2,Damaged,9181.9
145,814,4,Opened,306.2
25,4156,10,Unused,4159.03
38,529,7,Unused,208402.43
71,399,3,Opened,1518.83
9,4860,2,Opened,1740.22
117,5308,3,Opened,694.8
45,5596,9,Unused,1005.26
99,5613,2,Opened,202.73
33,5571,5,Opened,303.87
86,1730,1,Opened,5294.98
65,1027,2,Damaged,42.04
69,1244,2,Damaged,483.76
44,4133,4,Opened,870.2
30,887,1,Opened,1090.69
115,1325,3,Opened,111.18
146,5558,3,Opened,148.17
106,2932,1,Damaged,962.55
60,6272,5,Damaged,5657.21
18,3069,1,Damaged,1389.81
74,5992,1,Opened,2822.34
103,5863,2,Damaged,2383.74
46,168,2,Damaged,135.3
54,1960,1,Opened,72315.58
92,3772,2,Opened,10233.16
21,1938,1,Unused,122.9
46,1501,6,Damaged,154.79
86,3329,3,Damaged,4378.22
144,1998,1,Unused,42705.02
39,2043,2,Damaged,85.7
11,2444,1,Opened,15546.62
125,1254,9,Unused,648.69
92,4738,1,Unused,279.52
51,525,4,Damaged,301.11
132,5249,1,Unused,207.38
14,3689,3,Opened,5651.78
112,4269,5,Damaged,212.32
6,5245,2,Unused,128.18
98,1695,5,Damaged,140114.41
107,4118,5,Opened,23408.68
13,4658,1,Damaged,144.21
27,2968,2,Opened,918.26
39,396,1,Opened,48.4
59,4934,2,Unused,1548.56
92,6112,6,Unused,2460.25
58,2904,7,Opened,72029.75
37,2464,2,Damaged,80305.41
74,5992,1,Opened,2238.37
45,1385,3,Damaged,557.06
109,2334,2,Opened,25908.6
22,2066,1,Opened,1909.88
82,4661,1,Unused,18.14
85,5323,8,Unused,17254.13
9,56,1,Opened,71.25
14,3689,3,Damaged,5143.94
109,3264,7,Unused,230.05
1,5670,8,Damaged,758.01
22,5148,1,Opened,27963.8
132,3310,1,Unused,70.08
1,3531,4,Damaged,5141.65
122,3977,4,Opened,1656.44
115,5396,5,Unused,3682.98
65,1469,9,Damaged,386.57
17,730,1,Opened,2378.81
31,4733,2,Damaged,125.74
131,152,6,Opened,272.35
103,3534,1,Unused,2592.1
146,5558,2,Damaged,56.12
2,1781,6,Opened,578.11
144,1462,4,Opened,1681.29
65,3228,5,Unused,10858.41
150,4241,6,Damaged,585.98
23,6220,5,Opened,748.58
128,256,1,Damaged,297.4
130,2638,2,Unused,152552.75
18,4237,1,Unused,285.97
65,651,5,Opened,11264.23
45,5059,7,Opened,122196.11
86,2460,1,Unused,29051.53
126,3541,2,Opened,5386.29
26,5522,1,Opened,2870.94
87,2248,1,Opened,358.46
128,2375,1,Damaged,17078.56
35,72,2,Opened,884.16
143,6267,1,Opened,520.41
11,5498,4,Damaged,4055.32
135,5701,2,Unused,11157.23
111,5040,5,Damaged,130892.86
134,1098,1,Unused,86.65
68,2220,3,Opened,232.01
145,814,1,Opened,72.41
69,2610,1,Damaged,13084.56
118,1205,1,Unused,319.35
69,2461,1,Damaged,15696.09
97,795,5,Opened,3021.66
41,3256,1,Damaged,1473.72
134,3802,8,Damaged,45639.63
124,937,2,Damaged,151.4
49,607,2,Opened,1968.15
102,4921,4,Unused,2274.0
60,3759,2,Opened,3782.75
78,3371,5,Opened,7321.58
149,5560,1,Opened,118.49
8,1529,1,Damaged,276.15
150,1762,1,Opened,56.86
122,4327,2,Unused,8207.01
130,6000,1,Damaged,236.21
116,5337,1,Damaged,1627.97
8,1529,2,Damaged,1207.85
56,2428,3,Opened,77419.94
90,2558,2,Damaged,48264.82
29,3826,2,Unused,14079.14
89,1120,2,Opened,133.0
26,5522,1,Unused,3464.69
48,5136,4,Damaged,33760.71
19,1555,1,Unused,638.33
106,5342,9,Unused,31185.94
41,13,1,Unused,19.61
18,4205,5,Unused,14086.9
141,2911,9,Damaged,9815.56
2,4883,1,Opened,396.01
1,5029,7,Unused,83770.01
139,3570,1,Damaged,1192.09
85,2158,1,Unused,434.22
3,204,2,Unused,332.0
149,5560,1,Unused,148.09
108,3155,2,Unused,13892.03
5,2332,8,Damaged,296181.14
136,3779,1,Damaged,3423.72
112,5267,2,Unused,94.16
104,1681,4,Unused,1653.99
118,5191,8,Opened,6037.35
67,5574,6,Opened,231.25
120,4955,3,Opened,207.98
75,2161,4,Unused,17527.11
34,5229,3,Opened,194.71
43,1094,1,Damaged,134.45
48,5298,1,Damaged,102.98
25,6229,2,Damaged,702.14
49,6044,1,Unused,2643.86
50,129,1,Opened,135.58
15,2200,2,Damaged,130.07
128,1424,1,Unused,590.51
56,2407,3,Damaged,46031.63
35,184,3,Unused,626.49
61,2580,7,Damaged,51530.56
112,4030,5,Opened,35214.73
96,4092,5,Unused,1927.79
79,3309,4,Damaged,322.68
73,4526,4,Damaged,647.26
69,5982,1,Damaged,2769.61
20,2274,6,Unused,2031.33
108,4008,1,Damaged,4059.34
49,5650,1,Opened,90.28
86,515,8,Unused,1379.47
98,4976,5,Damaged,10176.88
40,3150,8,Opened,7285.2
64,4453,7,Damaged,13177.7
64,4247,7,Damaged,34764.85
88,4586,8,Damaged,23803.28
52,3202,2,Opened,3129.41
115,2858,10,Damaged,3690.18
130,5191,6,Damaged,4630.36
22,6212,1,Opened,163.67
131,152,3,Damaged,75.93
25,2647,1,Unused,16663.87
12,5851,4,Unused,36895.86
96,4092,3,Unused,1229.59
97,795,7,Opened,3735.93
69,5982,1,Unused,6954.52
75,4967,2,Damaged,61.9
35,642,1,Opened,3374.32
58,2463,1,Damaged,17697.44
2,6094,1,Unused,1195.7
11,5116,3,Damaged,41985.82
56,2407,4,Opened,84645.89
115,1325,8,Unused,460.33
124,4364,8,Unused,16583.95
10,369,1,Damaged,79.71
10,369,2,Unused,223.09
84,2846,1,Unused,35110.59
55,3167,1,Damaged,2611.28
51,4430,3,Damaged,3920.88
39,2043,2,Opened,123.25
108,5137,3,Damaged,41892.01
75,4967,2,Opened,111.42
116,5337,2,Unused,4478.43
91,3719,3,Opened,5791.38
27,1310,9,Unused,400.96
70,5386,2,Opened,2991.89
13,4658,1,Damaged,161.96
102,5457,5,Damaged,88.12
104,3491,3,Opened,37624.3
50,772,5,Damaged,15600.94
25,4156,2,Damaged,415.31
129,4271,3,Damaged,125.09
74,5992,2,Damaged,3201.6
33,5585,6,Opened,735.5
17,730,3,Damaged,4544.32
21,1938,1,Unused,128.15
108,3155,3,Unused,20938.24
117,2745,5,Unused,768422.1
33,5585,2,Unused,341.4
108,4209,1,Unused,1005.12
128,256,2,Damaged,474.64
2,3639,2,Opened,1982.52
64,294,3,Damaged,214.9
71,4704,2,Opened,34.18
71,3855,2,Damaged,5594.49
126,1575,2,Damaged,162.31
106,2932,2,Unused,4606.11
31,6161,1,Unused,73.24
40,1093,2,Damaged,183.23
58,2463,1,Damaged,26470.44
77,2759,2,Opened,156550.56
147,99,2,Opened,183.44
115,936,5,Damaged,541.83
67,764,9,Unused,13089.58
108,4209,1,Unused,1017.75
23,2329,7,Unused,341783.11
32,1297,3,Damaged,53.96
137,1786,4,Damaged,154.6
51,4430,2,Opened,3234.25
92,6112,7,Damaged,1909.6
32,4952,3,Damaged,414.1
74,910,1,Damaged,55.68
50,5559,1,Damaged,37.38
9,56,9,Opened,831.39
32,2401,1,Damaged,9188.1
58,2463,1,Unused,53224.55
141,3831,7,Damaged,14176.34
45,3532,6,Opened,13691.83
36,347,8,Damaged,551.31
105,3740,3,Unused,9900.91
112,5267,2,Opened,84.21
40,3150,3,Unused,4022.46
30,887,1,Opened,1225.49
87,4737,4,Damaged,318.79
127,3115,7,Damaged,18896.41
130,1308,1,Opened,47.33
39,4187,3,Damaged,2423.51
34,1932,4,Unused,1068.04
68,2109,2,Unused,2099.92
60,3759,1,Opened,2224.7
73,1431,10,Damaged,1368.41
40,872,9,Opened,7166.84
148,806,1,Damaged,72.79
16,1598,1,Opened,179.27
140,3460,6,Opened,8529.66
135,5738,9,Opened,3927.53
27,5419,4,Opened,279.54
64,309,1,Unused,129.97
57,3232,2,Damaged,8776.54
96,4690,1,Opened,113.39
77,457,1,Opened,115.17
75,2211,3,Opened,2295.11
8,1916,5,Damaged,1383.8
84,2934,2,Unused,10970.41
110,3594,2,Opened,3373.87
140,3460,1,Opened,1585.45
138,549,1,Damaged,150.92
71,3855,1,Opened,4668.29
66,4959,1,Unused,136.08
149,1562,1,Damaged,334.6
76,1052,5,Opened,495.33
16,4851,1,Opened,400.07
38,289,4,Damaged,235.71
144,318,1,Unused,94.19
129,4271,1,Opened,53.16
24,3792,4,Damaged,9272.2
32,5144,1,Damaged,5001.33
109,1007,4,Damaged,139.51
131,152,6,Unused,343.76
126,1575,5,Unused,1017.34
121,95,4,Unused,2141.43
140,5348,3,Unused,6724.53
129,3159,1,Unused,2925.98
13,4309,2,Opened,14286.45
70,5386,6,Damaged,7166.91
53,2363,1,Damaged,7806.6
29,5954,5,Unused,25286.44
20,5755,7,Damaged,16071.44
131,4967,2,Damaged,53.03
119,4097,1,Opened,1886.97
84,2609,4,Opened,111031.14
115,1325,6,Opened,315.8
111,1158,6,Unused,657.15
83,4867,5,Damaged,772.0
69,3287,1,Unused,312.33
39,396,1,Opened,60.85
106,5873,1,Opened,4932.11
141,775,5,Opened,12054.31
69,2461,3,Damaged,54983.61
18,2143,7,Damaged,2362.62
93,3492,1,Unused,23226.34
121,5699,1,Damaged,172.65
141,3831,3,Unused,18076.66
34,1932,2,Unused,556.19
31,6161,2,Unused,144.3
124,937,1,Unused,248.35
12,562,4,Damaged,494.58
41,13,8,Unused,155.51
137,583,3,Unused,221.26
70,2839,2,Damaged,33794.06
131,200,4,Unused,1327.78
121,95,3,Damaged,702.79
63,4962,4,Unused,4612.58
81,4119,2,Damaged,5163.67
18,4237,1,Damaged,201.86
30,1403,3,Damaged,109.08
70,6093,3,Opened,1099.0
133,5666,1,Unused,74.2
65,1027,3,Damaged,88.89
92,4738,1,Damaged,140.75
25,642,6,Opened,21643.6
26,5522,1,Damaged,1822.28
111,1158,4,Opened,284.21
107,5434,1,Unused,3608.82
31,6106,1,Unused,863.21
101,628,7,Damaged,4043.73
15,2200,2,Damaged,153.91
76,3160,3,Damaged,6267.96
71,399,3,Unused,1909.8
62,5184,1,Opened,402.89
142,3022,7,Opened,7060.93
39,4187,4,Opened,3516.61
92,379,8,Damaged,1714.86
97,2377,2,Damaged,50155.24
121,5699,1,Opened,258.63
54,1252,1,Damaged,77.13
64,294,3,Unused,301.51
76,3160,1,Damaged,1671.58
99,3994,2,Opened,45004.71
86,2460,1,Damaged,13069.67
50,129,2,Opened,238.97
37,1287,2,Unused,111.46
123,3406,3,Opened,2550.89
32,1297,2,Opened,40.26
142,3478,1,Unused,1598.33
2,4883,4,Damaged,903.39
82,5682,5,Damaged,9223.0
107,4788,1,Unused,1157.24
147,3249,2,Unused,5806.31
128,1424,1,Opened,535.84
43,1002,2,Unused,76.11
24,6210,5,Unused,1052.6
146,5558,10,Opened,357.43
112,5267,1,Opened,42.58
121,5699,1,Opened,274.34
81,3687,3,Damaged,9036.07
60,1414,1,Opened,177.98
60,1414,2,Opened,450.01
27,5419,5,Opened,378.9
9,89,2,Opened,105.52
7,470,2,Opened,323.77
29,5954,2,Unused,10927.94
149,4450,5,Opened,10973.29
106,5342,1,Damaged,1863.02
67,6005,4,Damaged,1029.74
126,1803,6,Unused,6077.16
103,112,1,Opened,60.93
2,1768,7,Unused,1007.72
115,936,6,Unused,2054.62
120,1118,6,Opened,645.0
127,3111,7,Damaged,13179.77
57,3232,5,Damaged,15647.96
98,5743,5,Damaged,408.1
17,5011,1,Unused,12984.48
112,5267,2,Opened,68.29
104,3491,1,Unused,16489.25
86,1730,5,Unused,38010.32
148,2449,1,Unused,86226.3
66,2754,1,Opened,22481.92
26,111,5,Damaged,343.73
4,5021,4,Opened,71504.64
83,4867,6,Unused,2361.03
7,91,7,Unused,899.68
15,5601,1,Damaged,28.43
150,5981,2,Damaged,5444.41
97,3741,1,Opened,2443.0
31,6161,2,Damaged,70.03
47,3278,4,Unused,1239.57
9,4860,3,Damaged,1584.72
29,3826,1,Unused,7474.85
63,4962,3,Opened,2849.64
79,6136,3,Damaged,476.05
94,4410,1,Opened,2026.95
3,2889,5,Opened,2903.28
79,1211,2,Unused,96.0
118,1205,1,Unused,344.08
131,200,1,Unused,331.46
44,4136,2,Opened,37.4
148,2449,1,Unused,86984.16
121,5654,4,Unused,303.78
45,3607,1,Opened,3152.15
103,112,2,Opened,98.23
53,2432,8,Opened,300746.4
31,4733,3,Damaged,218.75
47,5583,3,Damaged,79.16
101,5042,8,Unused,940369.0
32,1297,3,Damaged,36.56
57,4264,3,Damaged,72.91
104,3491,2,Damaged,12274.66
6,2924,1,Damaged,4651.22
33,4926,1,Damaged,204.25
12,562,5,Unused,1273.83
138,2965,8,Unused,23691.65
68,3334,4,Damaged,4474.6
135,5701,3,Opened,14575.81
125,91,6,Unused,836.6
113,5616,3,Unused,354.51
15,2125,1,Opened,669.35
88,4586,2,Unused,12838.25
36,6274,1,Damaged,2250.71
32,4952,1,Damaged,116.45
35,72,1,Damaged,252.27
32,1297,1,Unused,27.58
146,5558,6,Unused,321.91
22,2313,2,Unused,70454.07
14,2084,9,Opened,7376.1
130,1308,2,Unused,108.72
150,4241,5,Unused,1534.21
39,396,1,Opened,54.96
79,1211,5,Opened,215.43
137,2283,2,Opened,742.7
58,2904,7,Damaged,53090.38
58,2904,1,Damaged,8740.48
118,3863,3,Opened,15463.01
117,5308,2,Opened,503.16
137,995,1,Opened,59.75
42,5787,1,Opened,168.87
35,72,2,Damaged,561.32
145,1486,7,Unused,1704.66
101,628,6,Opened,6473.07
110,3594,2,Damaged,1469.61
78,3371,4,Unused,9201.99
29,5954,2,Unused,10798.72
28,4852,2,Damaged,1153.75
43,2068,4,Opened,2882.05
125,91,1,Unused,126.63
94,3773,4,Damaged,14685.73
127,3773,1,Damaged,3924.37
64,4247,7,Opened,31226.43
11,2444,8,Damaged,55183.05
124,4364,5,Opened,9273.37
2,6094,2,Unused,2177.27
113,856,8,Opened,5829.46
112,4269,5,Opened,309.2
99,5613,4,Opened,309.56
129,4871,2,Damaged,720.59
122,789,4,Opened,4544.98
116,5957,4,Unused,36158.17
76,5334,1,Damaged,463.82
41,13,4,Damaged,38.84
125,1254,9,Opened,495.84
24,5701,2,Damaged,3643.37
137,5563,1,Opened,41.21
58,2796,1,Unused,36305.15
42,6287,2,Opened,1069.07
111,1158,5,Opened,476.56
135,5738,3,Opened,1258.31
134,3538,2,Opened,6603.24
72,5783,2,Unused,350.62
72,5783,2,Unused,342.31
1,5029,5,Opened,42223.52
116,206,3,Opened,203.83
125,1254,6,Unused,441.75
41,13,7,Unused,135.63
136,386,9,Unused,2660.34
22,6212,1,Damaged,119.77
79,1211,6,Unused,299.49
118,4889,1,Unused,556.99
95,5027,9,Unused,183230.93
37,1287,6,Damaged,233.76
36,347,2,Opened,159.41
37,2464,2,Opened,102787.52
122,3977,1,Opened,401.72
7,4741,3,Damaged,34.12
79,6136,1,Unused,281.17
145,2579,10,Damaged,89170.75
124,5249,4,Damaged,357.26
94,4410,8,Opened,17007.8
19,1555,2,Unused,1308.8
64,294,2,Opened,190.58
23,6220,5,Damaged,817.46
144,1462,1,Opened,447.24
33,3162,4,Damaged,2491.19
3,3709,1,Opened,1948.15
129,4500,5,Damaged,14280.01
67,6005,3,Damaged,1608.41
146,545,3,Unused,128670.71
98,5743,6,Damaged,447.29
93,28,1,Unused,187.27
6,2924,3,Damaged,17725.33
69,2461,1,Opened,26007.25
98,5743,5,Opened,594.01
120,4955,3,Damaged,156.26
123,687,1,Opened,515.48
1,3514,4,Damaged,6054.4
94,3773,1,Unused,7376.34
51,4430,3,Opened,5214.27
85,4616,4,Damaged,244.63
49,6044,2,Damaged,2343.47
50,772,1,Opened,3756.31
2,4883,3,Damaged,867.93
22,2066,1,Opened,1679.88
94,4410,1,Unused,2638.14
140,3460,8,Unused,14818.61
43,2068,1,Opened,675.16
143,5257,2,Opened,322.73
72,2717,2,Unused,112563.4
37,313,6,Opened,423.96
38,1888,4,Unused,10131.2
45,5314,1,Unused,157.13
124,5211,5,Damaged,1405.29
96,4690,1,Unused,148.45
112,6114,1,Damaged,312.99
116,5957,5,Damaged,29354.19
76,5334,1,Opened,691.77
108,3155,3,Unused,21310.57
98,4976,7,Damaged,17023.07
41,2000,5,Damaged,233015.98
14,450,6,Damaged,1005.67
134,1098,1,Opened,68.22
113,856,1,Damaged,443.35
81,406,1,Unused,322.6
117,3914,9,Unused,41557.91
140,5348,5,Damaged,5208.91
50,129,1,Damaged,116.32
101,3135,4,Damaged,7913.7
81,6212,5,Damaged,560.33
48,5136,5,Opened,62810.83
9,56,4,Opened,321.02
59,1697,1,Unused,67586.33
142,2227,9,Opened,2296.57
48,5136,5,Opened,75494.15
128,3706,7,Damaged,9509.34
28,4852,2,Damaged,813.64
125,3930,5,Unused,285110.61
140,2950,1,Damaged,4774.65
17,3424,1,Unused,2473.86
51,525,1,Opened,113.28
89,491,5,Unused,1089.06
73,4526,1,Opened,411.52
108,5831,3,Unused,3837.13
10,1762,2,Damaged,95.65
32,5144,1,Opened,4732.31
125,91,5,Unused,660.04
110,5173,5,Damaged,6988.56
59,1697,1,Unused,72955.28
16,2257,1,Damaged,284.22
24,3792,2,Opened,6895.33
144,1998,1,Damaged,17071.28
43,2068,4,Damaged,2363.67
133,1192,1,Damaged,43.11
96,4690,1,Unused,149.88
82,5662,2,Damaged,141.77
23,2329,3,Damaged,81435.26
134,4752,2,Damaged,161.6
49,6044,1,Opened,2335.64
63,4962,3,Unused,3544.44
138,2965,4,Damaged,4299.13
12,562,1,Unused,241.02
130,6000,1,Opened,492.19
59,2571,2,Opened,34911.57
89,2648,2,Unused,40151.36
120,4955,2,Opened,128.2
26,3519,1,Unused,1638.34
25,2647,2,Opened,32228.83
125,5474,3,Unused,1535.61
71,3855,2,Unused,9939.78
14,3689,3,Damaged,3823.49
95,2757,2,Opened,101346.78
17,730,3,Damaged,6728.35
94,4410,2,Unused,4934.34
86,1730,2,Opened,9480.26
130,2638,4,Damaged,122733.71
1,3531,1,Unused,2819.79
64,294,4,Damaged,172.19
74,4435,7,Opened,34134.36
53,969,4,Opened,212.9
89,2648,4,Unused,79073.62
4,5021,6,Unused,135492.39
107,4577,1,Damaged,667.21
15,2125,1,Unused,796.68
118,3863,2,Opened,9753.4
96,4690,1,Unused,150.05
149,1562,1,Damaged,275.43
41,13,6,Damaged,72.88
80,2392,6,Unused,226796.82
131,152,6,Opened,316.24
122,4327,1,Opened,3694.34
115,3042,1,Opened,117.95
29,3826,3,Unused,21656.69
107,4118,4,Unused,21469.68
145,5170,1,Opened,324.06
118,1205,1,Unused,329.13
124,4364,3,Damaged,2084.33
30,4887,6,Opened,614.16
147,99,3,Damaged,237.02
52,2190,5,Opened,1375.84
25,6229,6,Damaged,1922.45
145,651,4,Opened,12748.6
111,1158,7,Damaged,467.36
10,2398,2,Damaged,14964.73
122,4327,6,Damaged,8764.6
122,789,3,Damaged,2684.97
140,2843,1,Opened,36873.04
64,294,1,Unused,105.63
105,6145,4,Unused,2043.31
143,5445,1,Damaged,17.29
77,2759,1,Unused,96556.07
13,4658,1,Damaged,177.4
102,1001,5,Unused,1112.52
70,1246,1,Opened,39.25
86,3329,1,Unused,3569.39
49,1470,9,Damaged,1243.06
76,5334,7,Opened,4893.54
54,1960,1,Opened,73789.53
86,2460,4,Unused,119611.46
102,4921,1,Unused,566.06
62,6172,1,Damaged,58.47
129,4271,1,Unused,73.83
32,5144,1,Damaged,3694.96
64,4247,2,Damaged,6799.77
82,2396,4,Unused,326682.8
77,457,1,Unused,158.03
92,6112,2,Unused,817.29
114,5215,2,Damaged,360.31
110,3127,5,Damaged,103.66
70,6093,2,Unused,1091.72
97,4078,7,Opened,2075.06
82,5662,6,Unused,681.82
83,1164,1,Damaged,25.39
148,2449,1,Unused,86295.23
49,607,2,Damaged,1115.59
34,4405,1,Opened,1739.67
79,3309,2,Opened,303.44
72,2665,3,Damaged,45831.95
52,3986,2,Unused,51446.93
41,3256,1,Opened,2414.45
50,772,1,Unused,4773.52
108,4209,1,Opened,816.38
135,5701,1,Opened,4988.49
64,4453,1,Opened,3509.81
82,5682,1,Opened,2071.79
85,4616,2,Opened,238.81
148,5240,1,Unused,43.99
138,1848,9,Damaged,791.33
142,5926,8,Unused,17099.28
138,1848,7,Opened,584.06
87,3911,2,Opened,38030.86
138,1848,5,Damaged,446.7
109,3264,6,Opened,181.64
78,3371,5,Opened,9997.65
53,969,6,Unused,436.73
21,1983,10,Damaged,477567.12
113,2101,1,Opened,39.01
103,3534,7,Unused,18943.36
53,2363,1,Opened,14068.04
56,2407,1,Unused,30217.95
101,5042,3,Damaged,128642.36
130,1308,2,Opened,82.83
7,691,3,Unused,14247.92
86,515,4,Opened,532.1
55,4538,1,Opened,865.75
47,3334,1,Damaged,1640.33
41,13,1,Damaged,8.22
111,5040,10,Damaged,219562.26
33,3162,3,Unused,4842.42
24,1456,4,Damaged,99.89
43,1002,5,Opened,148.77
69,3287,1,Damaged,169.04
36,347,5,Opened,438.09
99,654,2,Opened,1931.77
15,2125,2,Unused,1709.79
108,3155,1,Damaged,3798.36
39,4187,2,Opened,2083.42
48,5298,3,Damaged,343.99
136,3815,2,Damaged,2855.71
149,1562,4,Unused,2246.7
100,238,6,Damaged,871.7
91,1823,5,Opened,2084.86
30,1403,6,Unused,463.25
22,109,9,Damaged,430.87
85,4529,1,Unused,3909.69
48,3509,4,Unused,13380.09
22,5148,1,Opened,31341.71
118,5191,2,Unused,2286.08
76,1052,1,Damaged,48.98
25,642,1,Opened,2893.07
5,5785,1,Opened,65.44
97,2377,1,Damaged,14608.33
141,3831,2,Damaged,4195.76
6,4544,3,Opened,2708.01
3,3812,4,Opened,16419.84
88,388,4,Opened,182.94
44,3235,2,Opened,20074.46
104,1681,8,Unused,3324.51
48,1724,1,Damaged,21819.29
49,1470,5,Opened,1042.22
33,5571,3,Damaged,118.97
63,37,3,Damaged,301.5
88,1332,3,Unused,133.36
111,5072,1,Opened,13319.6
50,129,3,Opened,415.47
106,5342,2,Damaged,3725.44
135,5701,2,Opened,8600.41
102,5458,2,Damaged,89.62
60,1414,1,Unused,263.19
112,4030,7,Damaged,43006.85
44,3931,1,Opened,10723.72
44,3235,6,Opened,76740.37
113,3841,7,Unused,21707.95
46,5909,5,Damaged,941.45
91,786,1,Damaged,1860.39
66,4959,1,Unused,138.95
58,2463,1,Opened,35388.43
19,1293,5,Opened,875.87
121,95,2,Opened,906.92
109,2068,4,Damaged,2842.91
70,5386,5,Opened,7584.41
54,1960,1,Opened,86925.59
84,769,4,Damaged,9355.52
12,741,1,Unused,824.4
22,977,2,Opened,38.93
72,5783,2,Damaged,148.0
49,1470,1,Unused,244.05
47,3278,1,Opened,212.66
6,5245,5,Damaged,203.75
126,1803,9,Unused,8759.77
17,4848,5,Unused,5943.54
83,4867,4,Opened,1176.55
69,4186,9,Unused,9606.9
50,772,1,Opened,3392.32
13,4309,6,Opened,33794.45
60,4427,3,Opened,13415.27
36,3457,1,Damaged,3528.8
129,4500,3,Damaged,12678.76
5,846,8,Unused,7457.49
145,651,2,Damaged,3064.19
6,4544,3,Damaged,1350.52
140,2843,1,Damaged,24937.68
146,3690,2,Damaged,2900.93
40,5010,2,Damaged,8711.88
109,3264,6,Opened,149.16
102,5457,2,Opened,82.92
141,775,5,Opened,17702.42
60,6272,2,Opened,4647.15
28,69,1,Damaged,126.09
44,3235,8,Damaged,74732.87
107,43,8,Opened,2681.34
69,4186,6,Unused,6252.56
42,6287,2,Unused,1343.67
83,1062,1,Unused,92.1
79,1211,6,Damaged,172.03
21,5534,2,Damaged,10084.38
126,3541,2,Opened,5810.88
71,4704,1,Unused,26.5
132,5005,3,Damaged,1684.82
131,4967,2,Damaged,64.6
127,142,6,Opened,1618.32
69,3287,1,Damaged,235.44
91,786,3,Opened,7076.06
96,4092,2,Opened,626.81
85,5323,3,Opened,5613.78
109,2068,5,Unused,5545.67
28,69,6,Opened,987.29
105,907,3,Damaged,459.27
101,2967,5,Opened,2291.81
100,4040,8,Unused,2257.98
2,4883,2,Opened,907.17
27,166,1,Opened,84.22
144,1462,3,Unused,1817.18
13,4309,4,Opened,24688.57
92,379,8,Unused,4895.85
85,2158,1,Opened,340.23
98,5743,4,Unused,745.52
38,289,4,Opened,305.51
95,3004,3,Opened,1980.98
150,2939,6,Opened,12186.28
139,3570,1,Damaged,1267.33
100,238,3,Opened,488.98
78,3371,3,Unused,6569.94
101,2967,3,Damaged,771.55
124,6057,5,Opened,9355.6
69,2461,3,Damaged,67824.04
110,5173,6,Damaged,4913.26
144,953,3,Opened,83.26
105,3740,2,Opened,5232.36
46,168,1,Unused,133.9
77,2759,1,Unused,91485.03
108,4209,1,Damaged,649.49
55,1521,1,Damaged,84.2
144,953,1,Damaged,11.07
48,3509,1,Unused,3289.64
142,5643,1,Damaged,1357.81
98,1695,7,Opened,494202.78
137,2886,1,Opened,601.49
98,4976,4,Damaged,10239.95
137,2886,2,Opened,1484.05
93,2736,2,Opened,4683.27
93,2736,1,Opened,2162.86
9,56,8,Opened,736.5
122,4327,4,Unused,15787.6
51,525,1,Unused,162.16
22,6212,1,Unused,196.45
92,3772,3,Opened,12161.5
105,907,1,Damaged,148.57
107,43,9,Opened,3173.42
97,3741,5,Damaged,6996.49
41,2000,4,Opened,183539.46
99,3402,2,Damaged,25519.71
116,5952,7,Unused,77673.18
56,4489,2,Unused,12353.36
23,2329,1,Opened,40680.51
80,1156,3,Damaged,463.13
126,4160,2,Unused,10720.24
99,654,2,Opened,2340.56
85,2158,1,Unused,437.23
48,3509,2,Damaged,3002.53
117,2745,4,Opened,541515.15
88,1332,2,Damaged,38.46
115,3042,1,Opened,131.57
74,5992,1,Unused,3247.13
42,5787,1,Damaged,90.62
114,4976,7,Damaged,17585.14
113,2101,1,Damaged,20.36
53,969,8,Damaged,350.75
144,716,5,Opened,17529.44
94,3773,4,Opened,20966.1
92,4738,1,Unused,282.65
130,6000,1,Opened,496.75
135,5738,1,Unused,587.83
21,1983,1,Opened,79988.28
21,1938,1,Opened,98.55
67,764,8,Damaged,8385.29
134,4752,1,Damaged,77.49
83,1164,2,Damaged,27.48
2,3448,1,Damaged,3673.46
141,2911,7,Damaged,5240.26
100,4040,5,Opened,1013.78
61,1995,3,Damaged,154852.91
54,3129,4,Opened,179.66
38,289,7,Opened,562.56
124,937,1,Opened,198.67
2,1768,4,Unused,567.6
25,4156,7,Unused,3020.86
25,642,3,Unused,12249.51
99,4251,1,Opened,3881.13
130,538,1,Damaged,1066.32
7,691,5,Opened,19045.07
14,2084,3,Unused,3288.18
27,166,1,Unused,125.39
95,5027,7,Unused,157450.63
31,2750,5,Damaged,44337.36
30,2603,2,Damaged,108676.64
56,2428,2,Unused,63048.11
17,730,1,Damaged,1544.22
106,5173,2,Unused,3670.48
83,4867,10,Opened,2459.41
48,5298,3,Opened,625.98
134,3802,6,Damaged,29790.19
116,1585,2,Unused,1192.6
93,3492,4,Damaged,51028.39
21,1938,1,Opened,96.83
62,547,6,Opened,827.69
67,2505,4,Opened,96261.0
75,5752,7,Opened,9715.15
50,5559,7,Opened,409.04
35,4365,1,Damaged,1401.3
15,2200,5,Damaged,193.03
9,5473,9,Unused,3894.23
145,2579,7,Unused,111773.21
21,1938,1,Opened,116.01
12,5851,3,Damaged,18284.4
118,1205,1,Unused,337.54
145,814,2,Opened,197.19
106,2932,4,Opened,7915.41
9,5473,7,Opened,2826.93
35,72,2,Damaged,335.36
116,5337,2,Unused,4335.64
31,6106,1,Damaged,622.32
8,1916,5,Opened,2175.75
70,5386,4,Damaged,2913.15
39,4744,2,Opened,45.53
82,4661,7,Unused,139.74
26,4805,1,Unused,346.11
149,1562,2,Damaged,483.24
31,2750,7,Unused,96313.76
122,3977,5,Damaged,1200.02
19,1555,2,Damaged,775.97
130,1308,2,Opened,73.44
36,6274,1,Damaged,2665.97
102,4510,7,Unused,11715.27
36,6274,1,Unused,3723.28
125,2202,2,Damaged,742.25
71,4704,2,Unused,54.33
131,152,2,Unused,115.7
150,4241,5,Damaged,583.3
140,2843,7,Damaged,231572.54
50,5559,5,Damaged,192.72
105,882,2,Opened,1190.57
54,1960,1,Unused,106257.12
45,5596,2,Opened,189.06
100,5305,1,Damaged,115.41
15,5601,1,Unused,54.9
74,4435,6,Damaged,17432.72
63,5032,1,Damaged,6846.1
140,2884,7,Unused,20981.36
73,1431,2,Opened,432.91
114,5017,3,Unused,48752.37
100,4852,2,Unused,2317.7
76,1052,4,Opened,444.28
134,4752,2,Unused,381.23
70,5386,2,Opened,2442.78
119,4097,6,Unused,11551.78
74,4531,6,Unused,4055.32
50,5559,10,Unused,805.53
32,4952,2,Unused,458.06
76,5334,5,Opened,2699.92
63,5032,6,Damaged,58519.86
57,171,2,Damaged,146.67
108,5137,3,Opened,53987.17
12,741,1,Damaged,399.07
113,856,1,Opened,687.66
73,4526,6,Unused,2923.07
3,3812,3,Unused,14913.57
50,5559,1,Damaged,26.33
51,1067,3,Damaged,142.04
75,2211,4,Damaged,2805.88
77,457,1,Opened,140.58
120,3690,1,Opened,1912.44
114,4976,1,Unused,4269.27
22,5148,1,Unused,37552.19
29,1011,5,Damaged,59.54
8,1529,2,Unused,1685.2
71,4704,1,Unused,27.69
74,4435,3,Unused,21457.18
61,2580,5,Unused,99512.3
109,451,1,Opened,439.75
112,5267,1,Unused,47.15
130,1308,1,Damaged,24.96
134,3802,2,Unused,18078.0
28,4852,1,Unused,1121.46
58,2796,1,Damaged,11912.11
25,4156,2,Unused,862.49
85,4529,4,Unused,15799.8
98,5743,5,Damaged,662.86
123,4832,1,Opened,920.79
63,5032,7,Damaged,92744.54
22,4679,1,Unused,2707.0
60,5298,1,Damaged,126.64
105,4003,1,Damaged,6510.84
131,4967,4,Unused,289.27
59,4748,1,Opened,978.08
22,977,1,Opened,18.76
134,3802,3,Unused,28653.53
137,3413,6,Unused,16079.54
86,1730,1,Unused,7631.09
79,6136,4,Unused,1182.88
147,3249,1,Unused,2912.83
98,5743,6,Unused,1096.04
4,2323,4,Unused,36033.45
70,191,3,Damaged,405.14
24,3792,2,Damaged,5868.1
141,775,4,Opened,9732.99
129,3159,9,Opened,19883.39
96,4092,5,Opened,1835.02
59,3587,1,Opened,1182.1
34,4405,4,Damaged,4491.53
100,4852,1,Unused,1160.98
92,4738,1,Unused,271.67
4,4833,7,Opened,22900.22
100,4040,1,Unused,292.12
97,795,2,Opened,1339.35
3,3610,9,Unused,19324.51
59,3587,3,Opened,3477.63
30,1403,6,Opened,408.99
143,339,3,Opened,209.36
99,4251,1,Opened,3880.49
36,347,2,Opened,209.05
107,4118,6,Opened,28129.05
7,91,9,Unused,1212.31
121,2282,1,Opened,211.19
73,4526,6,Opened,2082.73
61,2580,2,Damaged,18379.53
23,6220,4,Unused,945.91
71,3855,1,Damaged,1754.8
2,6094,1,Opened,908.69
13,4658,1,Opened,211.57
81,4119,2,Unused,13971.98
137,995,1,Unused,78.4
99,3994,2,Damaged,26440.65
101,4563,3,Damaged,3075.66
48,3509,1,Opened,2855.91
111,5040,2,Damaged,77040.59
119,3266,1,Unused,52.56
2,1781,9,Unused,1274.58
142,3478,1,Unused,1596.67
107,4577,2,Opened,1645.1
54,3129,3,Damaged,95.69
126,1575,3,Damaged,322.71
66,524,4,Opened,1871.9
96,4092,4,Unused,1540.3
104,1681,6,Unused,2403.81
146,5558,6,Damaged,191.86
31,6106,1,Opened,609.19
98,1695,6,Opened,440706.28
66,2348,4,Unused,3361.68
26,111,4,Opened,490.32
103,112,1,Damaged,33.55
19,3268,2,Opened,26.55
72,5783,2,Opened,268.76
72,5783,2,Unused,348.08
59,3587,4,Opened,5062.19
135,5738,6,Damaged,2606.31
46,5519,4,Damaged,7007.22
34,4405,5,Unused,12373.99
9,5473,1,Unused,408.14
98,5743,4,Damaged,330.28
44,3404,2,Unused,1881.77
109,2068,2,Unused,2224.02
115,5396,5,Opened,2557.47
53,2363,1,Damaged,6790.69
136,3815,5,Damaged,7994.36
22,6212,1,Opened,154.48
76,1052,3,Damaged,237.88
114,5017,1,Opened,12118.31
25,4156,3,Opened,1134.01
11,5116,1,Damaged,13089.21
129,3159,7,Unused,21256.4
74,910,2,Unused,232.02
65,1469,8,Opened,623.2
139,23,3,Opened,1010.06
97,4078,2,Opened,526.73
101,3135,3,Opened,8147.98
26,111,7,Opened,1054.12
35,642,1,Unused,3975.61
56,1666,3,Opened,598.79
66,2348,2,Opened,1346.23
146,5558,5,Damaged,129.26
76,1052,2,Damaged,172.65
2,4883,4,Damaged,1180.23
134,992,2,Damaged,113.21
56,2407,1,Opened,22418.18
66,2348,4,Damaged,1087.51
145,5170,3,Damaged,462.02
26,3519,3,Opened,3610.0
141,2911,8,Opened,9567.9
74,5500,1,Damaged,726.15
123,3406,3,Damaged,2204.05
25,265,2,Opened,206.52
107,4577,1,Unused,963.25
127,3773,2,Damaged,6936.57
129,3159,1,Opened,2420.31
36,3457,3,Opened,12966.79
141,2911,7,Damaged,4924.12
20,814,2,Unused,206.44
28,2713,4,Unused,273811.33
120,4955,1,Unused,73.03
74,5500,2,Unused,2388.16
33,135,1,Opened,79.08
9,4860,1,Unused,1136.15
122,4327,2,Damaged,3402.78
110,4110,1,Damaged,190.18
127,3111,9,Damaged,14163.35
109,2068,6,Unused,6507.6
65,1027,5,Unused,270.55
52,2190,7,Unused,2708.97
26,4805,2,Unused,654.55
42,5425,1,Damaged,223.72
47,2906,1,Unused,1579.39
27,1310,3,Unused,131.05
30,4201,6,Unused,23500.68
47,2906,1,Damaged,917.22
21,1983,7,Unused,782607.93
6,4544,5,Opened,4492.15
121,4015,1,Unused,18738.53
11,2444,5,Unused,99669.91
111,1158,8,Damaged,371.16
67,6154,6,Opened,2210.74
57,3022,1,Opened,917.88
95,2757,3,Unused,185778.09
136,386,3,Damaged,288.56
43,2068,4,Unused,4348.69
67,6154,5,Damaged,1154.48
110,3127,2,Opened,67.67
68,2220,4,Damaged,142.09
57,3232,1,Unused,6938.48
27,5419,1,Unused,92.37
100,4852,1,Unused,1163.88
97,3741,1,Opened,3142.87
33,4926,1,Opened,361.29
139,4344,1,Opened,1272.21
2,1768,5,Unused,764.37
32,1297,2,Damaged,40.49
147,3249,2,Damaged,3019.06
27,5419,3,Opened,226.79
27,1310,8,Opened,308.0
106,2932,2,Damaged,1486.91
89,1120,1,Damaged,27.24
148,2449,1,Unused,88761.94
70,6093,3,Unused,1752.76
26,111,2,Damaged,133.47
16,1598,1,Damaged,67.04
134,992,6,Unused,664.54
88,5575,6,Damaged,131.81
11,4933,1,Damaged,120.24
97,3741,7,Unused,24873.8
6,4544,1,Unused,1246.44
139,23,2,Damaged,384.93
46,2973,2,Opened,62185.21
73,4526,2,Damaged,583.82
130,5191,4,Damaged,2429.8
38,1888,1,Damaged,854.31
70,5386,4,Damaged,4843.95
112,6114,5,Unused,4391.24
78,4069,4,Opened,478.36
24,5870,1,Opened,4177.86
62,5792,1,Unused,196.16
28,2713,5,Opened,300932.6
70,191,2,Unused,795.61
83,4867,1,Opened,248.92
114,5017,2,Unused,35867.0
34,1932,4,Opened,995.61
91,3719,2,Opened,3274.5
38,1888,2,Opened,4408.14
74,4435,9,Unused,65864.73
33,5571,2,Damaged,106.03
109,1007,8,Opened,350.03
117,3914,5,Damaged,14639.43
8,1529,2,Unused,1654.89
1,5029,5,Damaged,23214.94
93,2736,2,Damaged,3355.17
10,369,1,Opened,93.54
22,5148,1,Unused,38460.54
143,339,2,Unused,201.3
64,294,2,Damaged,73.31
62,5184,2,Damaged,366.6
130,6000,1,Unused,584.32
148,806,3,Damaged,188.55
49,6044,2,Damaged,3743.58
63,4962,3,Opened,2342.77
89,1802,4,Damaged,822.44
50,5559,8,Opened,561.29
135,5738,2,Unused,1182.29
120,2429,1,Unused,36929.47
52,2190,3,Damaged,748.53
80,3694,5,Opened,16915.17
96,5309,3,Damaged,168.33
8,1916,3,Opened,1266.49
42,6287,1,Unused,687.95
93,2736,1,Damaged,1265.49
113,5616,1,Unused,109.35
32,2401,1,Damaged,15693.36
21,1983,4,Opened,415051.34
130,6000,1,Opened,398.53
20,5755,3,Damaged,4320.26
148,1092,1,Damaged,52.18
118,4889,1,Damaged,207.37
22,2313,2,Damaged,46938.99
70,1246,4,Unused,184.65
77,2759,1,Opened,74707.24
133,5666,1,Opened,59.23
4,5021,1,Opened,17895.72
19,3268,2,Damaged,13.8
10,3967,1,Damaged,2232.11
15,2125,2,Unused,1705.89
8,2084,1,Opened,892.21
135,3786,2,Damaged,3248.13
95,3004,4,Opened,2665.4
26,3519,3,Opened,3979.39
132,2073,2,Damaged,1639.62
63,4962,1,Opened,721.29
97,3741,2,Damaged,2436.43
101,4563,2,Opened,1849.43
8,1059,2,Unused,242.5
127,5554,4,Opened,216.09
96,4690,1,Opened,140.3
56,2428,2,Damaged,43040.69
13,4309,2,Damaged,9405.37
10,4592,1,Opened,1000.91
61,2580,7,Damaged,87771.63
3,5166,4,Damaged,54510.36
146,3690,1,Damaged,1061.3
28,69,7,Damaged,633.07
90,2558,3,Opened,147969.8
77,457,2,Opened,193.95
146,5558,9,Damaged,252.4
93,3492,1,Opened,19303.47
135,5404,1,Damaged,232.63
69,2610,1,Damaged,15918.16
42,5425,2,Unused,642.66
96,5309,8,Damaged,627.14
123,270,3,Opened,476.48
14,976,8,Damaged,263.7
141,775,2,Unused,7477.02
97,2377,1,Unused,35371.76
63,37,1,Damaged,94.81
41,13,4,Damaged,52.7
121,5654,2,Damaged,110.8
29,3826,1,Damaged,4903.97
42,5955,9,Unused,58694.92
18,3069,2,Damaged,1451.33
8,2084,1,Damaged,467.61
140,2843,5,Unused,287418.01
32,1297,2,Damaged,29.03
142,3022,4,Opened,3689.26
46,2584,1,Opened,21737.76
11,5116,2,Unused,69632.01
66,1179,2,Unused,73.03
108,3155,3,Unused,22361.35
83,1062,1,Unused,85.92
38,1888,5,Damaged,4256.97
68,3334,5,Opened,10279.61
74,5992,1,Opened,2734.23
124,937,2,Opened,383.12
100,238,2,Unused,408.3
88,4586,5,Damaged,14202.02
33,5571,4,Unused,326.84
110,5173,2,Opened,3427.42
42,5955,8,Unused,51525.83
119,2303,5,Opened,166933.3
133,4936,8,Opened,1725.01
39,4744,1,Damaged,12.43
67,5574,6,Unused,284.3
12,562,3,Damaged,394.36
77,457,1,Damaged,105.76
29,1011,1,Unused,30.05
7,4741,6,Unused,116.46
37,2464,2,Damaged,52164.15
30,1403,4,Opened,277.07
103,112,1,Unused,79.39
88,5575,6,Damaged,96.4
77,457,2,Unused,301.07
20,2274,10,Damaged,1192.17
28,69,1,Opened,166.35
74,5992,2,Opened,4038.3
139,3570,1,Unused,2562.01
53,969,1,Opened,46.42
149,4450,4,Opened,9689.89
40,872,5,Damaged,2504.36
62,6172,10,Opened,946.31
86,2460,2,Damaged,27904.16
46,5519,5,Damaged,10942.93
34,4227,2,Opened,5267.87
114,2070,2,Opened,3875.16
82,4661,3,Opened,37.08
23,994,1,Opened,26.41
95,1079,1,Opened,68.37
144,2476,3,Unused,62060.25
92,379,7,Damaged,1730.47
116,4185,6,Damaged,17746.41
133,4936,9,Opened,2178.64
69,2461,3,Opened,81545.06
88,4586,2,Damaged,7753.38
110,457,1,Damaged,64.58
146,5558,6,Unused,327.14
77,5398,2,Damaged,1040.48
103,112,2,Unused,157.56
76,1052,5,Opened,459.34
46,1501,2,Unused,108.42
135,3786,2,Unused,7731.32
60,5298,1,Unused,229.62
3,204,1,Opened,129.38
52,3202,2,Unused,3244.81
50,5559,4,Opened,295.99
120,2429,1,Unused,38001.54
57,232,1,Damaged,200.23
13,4658,1,Damaged,195.36
18,4237,1,Unused,284.19
139,4344,1,Damaged,948.62
121,5654,3,Opened,166.56
8,1916,2,Damaged,516.82
70,6093,2,Unused,1133.07
77,5398,3,Unused,3678.56
116,568,9,Opened,1944.54
128,3706,3,Opened,3693.79
32,1297,1,Opened,20.07
73,4526,6,Opened,2481.12
93,2736,2,Damaged,3481.49
76,5334,6,Unused,5119.34
37,6122,2,Unused,2302.02
52,2190,2,Opened,542.21
64,4453,7,Damaged,14870.77
131,4967,1,Opened,67.52
144,1998,1,Unused,41698.74
92,6112,3,Unused,1233.06
97,2377,2,Damaged,39573.86
49,5691,2,Damaged,685.35
121,5654,5,Opened,337.93
42,5787,2,Opened,304.28
94,1887,4,Opened,4577.32
118,5191,9,Damaged,5840.86
104,3612,3,Unused,8037.68
105,3059,5,Damaged,1146.98
35,642,1,Unused,4117.74
51,4430,2,Damaged,1535.12
69,4186,6,Damaged,3097.26
50,772,1,Unused,4897.93
22,2313,2,Opened,50022.47
4,5987,4,Damaged,1133.58
96,5309,8,Damaged,477.06
59,3587,2,Damaged,948.48
84,2846,1,Opened,23996.47
32,5144,1,Unused,7246.47
104,3612,8,Unused,20938.81
115,5396,4,Unused,3138.58
42,5955,4,Damaged,13164.85
150,4241,3,Damaged,396.9
23,345,5,Opened,269.31
44,3931,1,Unused,13272.68
123,4832,1,Unused,1097.4
109,451,6,Damaged,2174.78
107,4118,3,Unused,16126.99
29,1011,10,Unused,306.14
76,1052,5,Opened,538.11
99,3402,4,Unused,87950.65
126,4160,1,Opened,3747.86
129,4271,3,Unused,220.52
79,6136,1,Opened,237.99
115,5396,4,Opened,2066.79
68,3334,4,Damaged,3841.22
86,3329,2,Damaged,4412.64
131,152,1,Unused,56.73
73,4526,4,Unused,1946.13
108,3155,2,Opened,13147.11
136,3815,1,Unused,2615.63
103,112,1,Unused,76.72
4,488,6,Damaged,1851.73
125,2202,1,Unused,594.35
81,3687,9,Damaged,26155.61
38,529,2,Damaged,30261.77
43,2068,4,Damaged,2074.9
125,1254,7,Opened,410.02
94,1887,5,Unused,6386.7
45,3607,4,Unused,15462.4
87,3328,1,Opened,2928.92
71,1943,5,Damaged,802.82
69,5982,4,Unused,30140.85
38,529,4,Opened,109390.05
105,3740,2,Unused,6730.97
73,4526,3,Opened,1164.59
144,953,2,Opened,56.25
30,2603,2,Unused,163599.6
73,4526,5,Unused,2265.47
33,3444,6,Opened,12712.58
120,2429,1,Unused,39590.42
25,6229,3,Unused,1931.1
10,369,1,Damaged,60.94
149,3037,1,Damaged,58.5
75,2591,3,Opened,217839.93
133,1192,1,Damaged,74.3
109,2334,1,Damaged,7077.19
13,4309,4,Opened,21645.28
98,3986,2,Unused,53956.86
125,91,1,Damaged,85.98
12,4206,1,Opened,2628.85
122,789,6,Unused,8185.0
127,142,5,Unused,1694.42
51,1067,2,Unused,143.21
114,2070,1,Damaged,1540.23
60,1414,4,Damaged,570.38
99,3994,2,Damaged,19343.4
34,1932,8,Unused,2176.62
49,6044,3,Unused,8341.18
42,5955,7,Damaged,28675.81
104,3491,5,Opened,73904.9
97,2377,2,Opened,44068.48
81,3687,6,Opened,20550.17
4,488,3,Unused,1917.17
75,5752,1,Opened,1741.62
21,2746,2,Opened,144862.43
43,5748,2,Damaged,318.06
108,5137,2,Opened,36396.87
71,3855,1,Damaged,3365.91
9,56,6,Opened,460.23
13,4309,6,Unused,47539.01
7,691,5,Damaged,12752.01
90,5797,7,Opened,586.01
108,5831,6,Unused,7140.34
46,2973,2,Damaged,48962.12
75,4967,2,Opened,103.51
69,2461,1,Unused,37683.34
114,4748,1,Unused,1125.8
61,5689,1,Opened,3034.57
86,3329,3,Unused,9801.01
65,3228,4,Unused,8604.26
6,2924,5,Damaged,37215.2
84,2934,3,Unused,16550.47
126,4160,2,Damaged,7271.79
83,1164,1,Opened,31.82
121,4544,4,Damaged,3169.5
43,5748,4,Unused,882.78
55,3849,3,Unused,17066.95
48,5298,1,Unused,220.03
56,2407,2,Unused,59617.04
57,2035,1,Opened,100.75
76,5334,3,Opened,1801.73
29,5954,5,Damaged,9480.93
93,3492,4,Unused,89469.38
56,4489,1,Unused,6062.53
48,1724,1,Unused,45799.04
24,3326,4,Unused,11859.0
115,3042,1,Damaged,59.32
30,4887,3,Opened,294.74
5,2332,4,Damaged,195168.13
61,1995,1,Damaged,60975.45
26,5522,1,Opened,2710.87
122,4327,6,Unused,23757.43
108,3155,2,Damaged,5823.04
36,4453,1,Unused,4063.0
44,3235,6,Damaged,27151.12
73,4526,4,Opened,1784.82
45,1511,1,Damaged,41.57
38,1888,4,Opened,7513.31
132,5249,2,Unused,381.38
98,5743,5,Opened,737.13
134,1098,1,Unused,85.19
1,3514,3,Unused,7674.52
116,4185,2,Opened,7331.64
39,2043,2,Opened,110.89
116,206,7,Opened,475.85
66,1179,1,Damaged,20.21
119,4097,7,Damaged,6068.33
125,2202,2,Damaged,567.28
65,1027,5,Damaged,164.87
66,1585,8,Damaged,2846.24
97,3741,9,Unused,31643.78
87,2801,6,Damaged,32583.28
19,1293,3,Opened,508.93
7,91,5,Unused,657.56
105,3740,1,Opened,2913.15
98,1695,6,Damaged,301464.46
13,4309,2,Opened,12872.77
139,4344,1,Opened,1290.87
109,3264,2,Damaged,47.07
57,3022,2,Damaged,1167.19
51,525,4,Unused,687.73
24,6210,9,Unused,1909.08
45,5314,1,Damaged,95.54
50,129,3,Opened,384.76
51,525,1,Unused,164.46
53,969,9,Damaged,471.24
96,4092,2,Unused,769.04
48,3509,4,Opened,10573.65
20,5755,5,Damaged,13840.34
41,13,4,Damaged,25.42
55,1859,1,Opened,213.87
128,1424,1,Opened,447.78
141,775,3,Damaged,4980.37
70,6093,3,Unused,1702.51
110,5173,4,Damaged,3339.62
11,5498,6,Damaged,3883.25
61,2580,5,Damaged,34792.63
99,5613,9,Damaged,545.89
137,1786,3,Opened,174.23
21,5534,9,Damaged,24380.03
7,4741,2,Damaged,25.0
107,4577,1,Unused,944.83
58,2463,1,Opened,48112.83
93,3492,1,Opened,16800.9
137,1786,4,Damaged,146.8
122,3977,7,Damaged,1191.87
89,1802,4,Damaged,906.5
122,789,7,Unused,9524.41
39,396,1,Opened,57.12
55,4538,3,Unused,3635.51
58,2796,2,Unused,75447.76
36,347,1,Opened,94.9
12,562,4,Opened,755.58
104,3612,5,Damaged,7266.26
141,2911,5,Unused,7278.12
106,5873,2,Unused,11236.76
3,3610,2,Opened,3218.1
103,112,2,Opened,112.38
19,1555,2,Opened,1054.3
90,2558,2,Damaged,75040.45
73,4526,4,Damaged,1387.29
70,6093,1,Damaged,287.23
96,5309,5,Opened,419.83
90,1758,3,Unused,420.66
135,5404,4,Opened,1172.21
33,3162,2,Damaged,1713.85
105,6145,6,Damaged,1244.78
17,5702,4,Opened,1356.83
101,6269,2,Damaged,417.21
4,3588,4,Unused,6939.35
102,5457,6,Damaged,160.21
8,3038,1,Damaged,114.25
131,200,6,Damaged,1296.82
131,152,6,Unused,338.02
121,4544,3,Unused,3766.73
50,5559,7,Damaged,323.9
62,547,6,Damaged,809.01
62,4585,3,Opened,3610.26
61,2580,6,Unused,124904.69
139,3570,1,Opened,1841.18
104,3491,1,Damaged,8542.29
110,4110,5,Unused,1950.3
12,741,1,Unused,758.98
17,4848,3,Damaged,1914.35
149,3037,7,Damaged,484.52
136,3815,3,Unused,8091.15
17,3424,2,Damaged,3020.78
10,1762,2,Opened,128.2
54,4341,8,Opened,54488.85
127,3115,8,Opened,31492.84
25,642,5,Opened,13332.98
120,1118,2,Opened,210.28
58,2904,6,Opened,68190.63
3,5166,4,Damaged,70258.55
130,2638,6,Opened,295973.02
112,6114,1,Opened,675.51
29,5954,7,Damaged,19230.42
55,1521,1,Unused,159.55
143,339,1,Opened,89.65
142,2227,4,Opened,1021.84
110,457,1,Damaged,53.07
23,6220,5,Unused,1090.67
33,5571,7,Damaged,234.69
32,4952,2,Opened,410.2
66,1179,3,Opened,67.59
123,4746,5,Damaged,135.2
35,72,2,Unused,1066.74
10,4592,1,Opened,1319.57
13,3532,3,Opened,7682.63
108,5137,2,Damaged,22003.41
9,5473,7,Unused,2983.31
56,1666,2,Unused,421.66
3,3610,9,Unused,18659.57
138,549,1,Opened,194.34
42,6287,1,Unused,692.31
128,4931,3,Damaged,128.28
60,1111,2,Opened,130.76
9,56,10,Damaged,644.04
82,3527,5,Opened,9050.72
90,2558,3,Opened,160915.52
65,1027,3,Opened,110.31
118,4889,1,Unused,568.31
129,4271,1,Damaged,35.71
32,4952,5,Opened,942.31
132,3310,1,Opened,51.04
104,3612,1,Damaged,1105.76
87,1328,4,Opened,316.43
31,6161,1,Opened,66.52
100,5305,1,Damaged,139.24
1,3514,8,Damaged,7131.41
77,457,2,Unused,314.12
130,538,2,Opened,2344.49
149,3037,8,Opened,931.34
2,3448,3,Damaged,7382.75
111,5072,4,Opened,73849.6
137,2886,1,Damaged,323.72
105,6145,5,Opened,2098.33
72,5783,1,Opened,151.78
144,716,2,Unused,8631.98
35,4217,2,Damaged,227.11
99,4251,1,Opened,4383.78
27,5419,3,Damaged,110.29
8,1059,3,Damaged,190.41
35,4365,3,Unused,8035.0
142,5926,8,Opened,14522.89
60,1414,1,Opened,174.87
56,4489,4,Damaged,16826.99
91,373,2,Damaged,181.84
6,2924,5,Damaged,38636.08
137,1786,1,Unused,63.82
11,4933,1,Opened,287.42
1,5670,9,Opened,1044.89
40,3150,1,Unused,1359.12
16,4851,1,Unused,556.25
110,457,1,Damaged,59.12
11,5498,3,Unused,4626.27
61,2580,4,Damaged,58112.69
19,1293,2,Unused,385.08
147,3249,1,Damaged,1944.4
72,5783,2,Unused,346.34
33,135,5,Opened,317.35
103,112,1,Damaged,53.79
76,3160,1,Opened,2666.44
83,4867,5,Damaged,1120.64
54,1252,1,Damaged,165.58
94,3773,3,Damaged,11995.21
140,2843,3,Unused,170633.2
16,2257,3,Opened,1085.75
96,4690,1,Opened,121.03
132,6253,2,Damaged,1428.3
30,2603,1,Unused,82948.56
68,2220,3,Opened,217.37
101,628,5,Unused,7221.39
33,5571,8,Damaged,369.95
111,5040,4,Damaged,141269.45
18,2143,9,Unused,9819.49
54,4341,1,Opened,7725.83
129,4500,8,Unused,60505.21
117,3914,3,Opened,9446.02
50,5559,1,Damaged,42.81
124,937,2,Opened,410.57
134,3538,2,Opened,6891.63
33,3987,3,Unused,100500.97
28,2713,3,Unused,213955.56
42,5425,2,Opened,546.7
87,3040,6,Damaged,246.53
47,5583,8,Unused,521.1
99,3994,1,Opened,18527.36
140,2884,2,Opened,3956.94
117,3914,8,Opened,28927.54
123,3406,1,Unused,1247.2
81,2586,2,Unused,102089.95
94,4444,1,Damaged,1046.99
136,3815,5,Damaged,9541.33
7,470,4,Opened,851.84
113,3841,2,Opened,4410.9
90,1758,1,Damaged,85.47
97,3741,1,Opened,3445.96
37,313,4,Damaged,302.91
41,2000,2,Unused,139419.87
59,4748,3,Unused,3523.1
71,399,3,Damaged,1183.74
128,4931,1,Opened,69.9
67,5574,3,Damaged,99.73
134,3802,5,Damaged,18968.05
6,1563,2,Opened,539.04
38,529,2,Damaged,29177.12
143,339,5,Damaged,309.26
14,3876,4,Damaged,115785.52
74,5992,2,Damaged,4096.17
60,1111,1,Opened,58.42
145,1486,7,Opened,1362.3
135,5738,1,Opened,566.82
101,628,8,Opened,7823.74
36,6274,1,Damaged,1332.88
122,3977,7,Damaged,1390.72
37,2464,3,Opened,127368.23
112,5267,1,Damaged,18.66
49,6044,2,Opened,4519.57
71,3855,1,Opened,3711.02
125,1254,8,Opened,455.81
92,3772,3,Damaged,7451.3
147,4830,1,Unused,405.78
18,2143,7,Damaged,5271.26
137,3413,6,Unused,14796.83
64,4453,7,Opened,27603.29
21,2746,1,Unused,93384.39
111,5040,4,Opened,205570.12
144,1462,4,Opened,2273.2
150,5090,10,Opened,246002.16
127,3111,4,Damaged,6082.53
73,1431,5,Unused,1486.1
29,1011,3,Unused,87.89
132,5005,4,Opened,5410.98
131,152,3,Unused,175.84
122,3977,1,Unused,459.11
58,2463,1,Damaged,36978.31
92,3772,1,Damaged,2582.97
40,1093,7,Opened,684.03
14,976,8,Damaged,447.86
110,3127,2,Damaged,64.58
1,5029,2,Damaged,14024.57
103,112,1,Unused,80.0
2,3448,1,Unused,4894.46
68,2039,1,Damaged,51.06
7,4741,1,Opened,14.92
38,289,7,Damaged,394.5
13,3532,4,Opened,10394.81
98,5743,6,Damaged,511.36
67,2829,2,Damaged,14639.15
43,1002,6,Opened,186.55
60,5298,1,Damaged,162.17
148,2449,1,Opened,80891.52
38,289,6,Opened,509.31
21,2746,2,Unused,189830.56
42,6287,4,Unused,2740.92
132,5005,4,Damaged,3238.41
11,5498,3,Opened,3719.1
138,1848,8,Unused,1024.09
13,3532,5,Unused,15413.26
50,129,3,Opened,494.2
16,4851,1,Damaged,409.08
52,2190,8,Damaged,1207.77
20,814,3,Opened,226.33
108,3155,2,Opened,11778.95
31,4733,1,Opened,112.83
107,4118,3,Opened,10921.3
54,4341,3,Opened,25303.21
4,5987,6,Damaged,1936.63
133,5666,1,Opened,68.99
27,5419,5,Opened,342.55
57,3022,2,Damaged,1007.34
109,1007,6,Unused,331.25
146,3690,5,Damaged,8949.63
117,5308,2,Opened,462.73
78,3446,2,Damaged,2770.78
27,5419,3,Damaged,124.99
67,6154,5,Opened,1698.94
116,5952,6,Damaged,32954.19
13,2991,1,Unused,153807.48
21,1938,1,Opened,86.06
66,4959,1,Opened,112.05
105,4003,1,Unused,9321.48
37,1287,2,Unused,114.48
50,129,1,Damaged,133.01
103,112,1,Unused,79.67
128,222,2,Unused,726.54
104,1681,7,Unused,2943.08
139,3570,1,Opened,1985.58
7,691,5,Damaged,15102.74
77,5398,1,Opened,949.45
33,3162,2,Damaged,2163.84
143,6267,3,Damaged,936.09
81,3687,3,Damaged,10670.04
28,2713,6,Damaged,198933.45
57,232,2,Unused,623.84
84,2609,8,Unused,250285.44
68,3334,2,Unused,5109.5
114,4547,5,Unused,5799.54
61,1995,7,Opened,992502.63
89,1802,2,Unused,992.6
39,396,1,Damaged,47.05
29,3826,4,Opened,23525.33
92,3772,1,Opened,4938.61
88,5575,1,Unused,47.77
49,1470,8,Opened,1725.73
63,37,3,Opened,361.02
49,6044,1,Opened,1927.19
51,525,3,Unused,500.23
60,6272,6,Damaged,11638.8
99,3402,1,Opened,20533.46
110,4110,5,Opened,1856.68
113,2101,1,Damaged,24.34
3,5166,4,Damaged,77411.75
70,1246,3,Damaged,66.69
51,4430,3,Damaged,4550.37
47,3278,4,Opened,992.16
139,23,2,Damaged,259.43
141,2911,7,Unused,10345.99
15,3744,7,Opened,12093.85
142,2227,6,Opened,1862.51
42,5787,2,Unused,451.6
136,1374,3,Opened,499.33
88,1332,7,Opened,227.41
119,3266,1,Damaged,26.49
143,5257,8,Unused,1436.63
21,2228,8,Damaged,483.0
49,5650,1,Unused,116.11
74,5500,1,Unused,1091.2
44,229,1,Damaged,73.31
128,1424,1,Damaged,325.33
113,856,2,Unused,1926.31
49,6044,4,Opened,7786.36
39,4744,4,Opened,80.71
6,4544,4,Opened,3773.99
49,607,6,Damaged,5221.85
17,730,1,Opened,2126.98
54,3129,4,Opened,229.89
40,1292,7,Damaged,151.63
55,4538,2,Damaged,959.12
44,3931,3,Unused,40863.56
2,1768,3,Unused,437.66
121,4544,4,Opened,4028.05
62,1368,2,Opened,102.26
83,1164,4,Opened,95.16
97,795,6,Opened,3721.86
24,5870,3,Opened,14064.47
126,1575,1,Unused,217.36
117,5308,2,Opened,417.26
17,276,1,Damaged,63.23
81,4119,3,Opened,15949.24
9,5473,2,Damaged,365.25
56,2428,1,Damaged,17801.02
128,256,1,Unused,526.15
20,5755,5,Damaged,6606.14
141,3831,4,Unused,26182.32
93,28,2,Damaged,231.67
29,1011,7,Opened,137.32
57,2035,2,Unused,244.49
17,5011,1,Unused,13503.11
107,5434,1,Opened,2497.94
135,5738,3,Damaged,872.65
102,117,1,Damaged,178.44
71,399,3,Opened,1597.71
38,529,1,Damaged,20574.65
116,1585,2,Damaged,442.01
116,5957,3,Opened,22627.19
61,2580,2,Unused,40995.31
126,1575,1,Damaged,73.61
74,3377,3,Opened,8325.29
21,5534,3,Opened,14822.32
41,2000,1,Opened,52905.42
149,5560,1,Unused,143.02
109,2503,4,Unused,81041.99
94,1887,2,Damaged,1470.94
147,3249,1,Damaged,1502.69
105,3059,4,Damaged,1783.2
32,1297,3,Unused,88.79
42,5425,5,Opened,1381.34
112,6114,3,Damaged,1735.69
35,3347,4,Damaged,6729.15
126,1803,9,Damaged,3461.46
130,538,2,Opened,2561.01
28,2713,3,Opened,163897.44
132,2073,1,Unused,1275.71
138,549,1,Unused,242.01
140,2950,2,Unused,18347.92
9,4860,3,Opened,3113.56
85,5323,3,Damaged,2887.63
47,3334,3,Unused,7640.36
58,2796,1,Unused,36883.54
17,3424,2,Damaged,3258.45
83,1164,4,Damaged,86.83
74,5992,1,Unused,3287.02
105,4003,1,Damaged,3533.87
31,6106,1,Unused,860.41
93,2736,2,Unused,5391.45
17,5702,2,Unused,797.11
27,1310,4,Opened,115.79
54,1960,1,Damaged,34135.81
37,1287,2,Damaged,77.26
120,1118,7,Unused,878.45
119,3266,1,Unused,50.75
112,6114,3,Opened,2200.81
54,3129,3,Damaged,70.9
36,347,7,Damaged,613.82
111,5040,6,Opened,288237.29
25,265,1,Opened,143.35
3,3812,6,Unused,30014.29
83,1062,2,Damaged,102.78
128,256,1,Opened,437.51
107,4118,3,Damaged,10992.41
51,525,2,Unused,316.27
71,399,2,Damaged,700.55
69,2461,3,Opened,81312.76
105,6145,3,Unused,1551.97
28,2713,6,Opened,371373.23
118,1205,1,Unused,322.53
63,4962,2,Damaged,1566.59
122,3977,2,Damaged,572.56
86,2460,3,Unused,90835.47
79,6136,1,Unused,280.12
127,3773,2,Damaged,8561.91
106,5173,1,Opened,1577.02
120,3690,3,Opened,7369.06
120,467,3,Opened,1683.93
124,937,1,Unused,246.37
92,3772,3,Damaged,13092.14
67,6154,1,Opened,319.18
4,2323,2,Unused,18678.78
92,6112,5,Damaged,820.91
68,2220,4,Unused,362.06
102,1001,6,Opened,1048.73
114,2070,1,Opened,1901.75
108,4008,7,Opened,43298.58
119,2303,4,Opened,147791.29
97,795,8,Opened,4973.62
150,5981,1,Unused,6514.49
76,1052,2,Unused,239.77
56,1666,5,Unused,1113.38
119,3266,1,Opened,33.08
72,2717,5,Damaged,144209.01
48,5298,4,Damaged,613.14
146,545,3,Unused,131547.49
150,5039,2,Damaged,39665.1
76,5334,5,Unused,4126.81
69,3287,2,Damaged,259.45
48,5136,2,Damaged,16454.64
83,4867,10,Damaged,2545.0
83,1164,4,Unused,141.43
127,3115,7,Unused,37326.82
