po_id,amount,payment_method,transaction_id,payment_date
1798,63279.66,NetBanking,TRX138485517,24-11-2023
1489,1790116.09,Cash,TRX265651235,20-08-2023
2335,147276.45,Card,TRX981918248,28-10-2025
1269,1256000.97,UPI,TRX780620308,10-06-2024
652,406096.8,NetBanking,TRX738492380,25-05-2024
273,2192935.29,Cash,TRX056466692,06-03-2025
1560,642315.32,Card,TRX385797249,29-05-2025
951,610262.14,UPI,TRX487621024,29-10-2023
70,1306405.8,NetBanking,TRX557775468,17-07-2025
1898,51811.77,Cash,TRX515911337,17-09-2024
2425,12649566.77,Card,TRX468853443,01-06-2024
2080,1634486.78,UPI,TRX670561573,26-01-2024
2614,29604.04,NetBanking,TRX456328605,16-05-2023
2466,13518056.84,Cash,TRX143686275,21-11-2024
2196,7035683.38,Card,TRX216522786,16-09-2024
1136,77133.83,UPI,TRX316706829,23-03-2025
176,420874.9,NetBanking,TRX985160502,14-01-2024
1831,2202689.58,Cash,TRX432444578,15-07-2024
1003,116804.08,Card,TRX293105558,17-12-2025
292,11672264.67,UPI,TRX650157438,03-02-2023
1331,39614.88,NetBanking,TRX597066915,19-01-2023
663,196488.4,Cash,TRX594482950,12-09-2023
929,2085102.87,Card,TRX876660295,29-04-2023
1589,126369.23,UPI,TRX819818358,27-03-2023
1493,2262513.51,NetBanking,TRX324270820,06-10-2024
1811,2102141.77,Cash,TRX072841426,12-04-2025
2038,29648277.17,Card,TRX181133268,26-03-2025
2204,1119982.99,UPI,TRX466595493,20-07-2023
1373,109596.78,NetBanking,TRX138527960,08-07-2025
764,336497.93,Cash,TRX361907443,30-04-2023
2642,3494152.45,Card,TRX820742250,28-01-2023
638,78638.52,UPI,TRX959455803,22-02-2024
1268,9716444.41,NetBanking,TRX577199792,09-08-2025
2749,5504914.45,Cash,TRX733550548,10-09-2023
173,4393359.42,Card,TRX951481284,25-07-2023
2855,764439.48,UPI,TRX215667726,08-11-2023
1963,2488713.09,NetBanking,TRX951266067,13-08-2024
42,3794420.04,Cash,TRX251085523,09-12-2025
2276,374861.75,Card,TRX103982764,25-08-2023
161,1259696.26,UPI,TRX793586399,29-09-2024
876,1307169.57,NetBanking,TRX397110327,22-04-2023
2631,156606.74,Cash,TRX356485540,31-05-2023
1742,3689,Card,TRX402535087,30-04-2023
2420,122322.68,UPI,TRX453226049,03-04-2025
2172,963462.12,NetBanking,TRX280205936,17-12-2023
2983,77557.79,Cash,TRX418759372,09-05-2024
1595,5681450.44,Card,TRX719613997,24-02-2024
2990,110276.78,UPI,TRX680245561,26-04-2025
815,11766689.92,NetBanking,TRX715712142,12-12-2023
1422,632267.93,Cash,TRX222933286,25-11-2024
2054,864210.37,Card,TRX772853865,26-07-2023
2404,1469884.58,UPI,TRX192472371,22-04-2024
19,1347890.17,NetBanking,TRX298878263,03-10-2025
1313,16724839.95,Cash,TRX477900949,10-08-2025
160,4174131.46,Card,TRX114976260,20-05-2025
824,22097285.6,UPI,TRX857040285,22-05-2024
1857,771994.78,NetBanking,TRX439633895,18-12-2023
1262,313541.74,Cash,TRX746253457,10-09-2024
357,137912.12,Card,TRX808476726,17-11-2024
2366,646275.05,UPI,TRX236819796,17-07-2024
1782,1291305.93,NetBanking,TRX167718664,24-01-2023
266,229347.3,Cash,TRX178539894,20-06-2024
2661,491492.85,Card,TRX760050168,06-12-2024
2543,3548863.07,UPI,TRX492041415,22-06-2023
1550,324877.56,NetBanking,TRX748381289,05-08-2023
1287,231024.22,Cash,TRX381386353,17-10-2023
307,338653.48,Card,TRX682565973,14-03-2024
366,62665.62,UPI,TRX902723329,27-08-2023
1644,1642152.5,NetBanking,TRX599375092,25-06-2024
91,651999.44,Cash,TRX456160634,03-04-2024
2764,456455.34,Card,TRX773549759,25-01-2025
1606,3718102.79,UPI,TRX773174793,27-05-2025
1312,523900.26,NetBanking,TRX162643347,01-03-2023
2684,585013.62,Cash,TRX844049736,25-03-2025
1484,2211058.89,Card,TRX067844594,18-10-2023
10,271237.8,UPI,TRX124298505,20-04-2025
1940,8710.08,NetBanking,TRX120357998,13-10-2024
2168,24037.93,Cash,TRX962580186,22-09-2023
2773,1077735.35,Card,TRX431279975,08-05-2023
2544,150023.59,UPI,TRX122996636,04-07-2024
823,861003.19,NetBanking,TRX168413594,06-06-2024
2825,1701516.31,Cash,TRX018953997,23-12-2023
2796,315585.95,Card,TRX909888504,31-10-2025
1990,195537.98,UPI,TRX822285202,17-02-2023
1025,38243.84,NetBanking,TRX223978729,12-03-2023
241,23019170.85,Cash,TRX884340525,11-01-2025
596,702331.26,Card,TRX987175336,21-04-2024
50,504540.19,UPI,TRX166723312,17-05-2024
13,3147211.48,NetBanking,TRX420058145,24-05-2025
1319,424889.94,Cash,TRX655651293,24-03-2025
1776,154497.3,Card,TRX209338736,03-06-2025
2890,1622424.97,UPI,TRX155175548,10-12-2025
2,4318682.24,NetBanking,TRX544253326,19-10-2023
699,37362.48,Cash,TRX373890473,22-08-2025
75,141065.66,Card,TRX723642310,24-03-2024
246,2013104.77,UPI,TRX140153932,18-01-2024
128,3410901.58,NetBanking,TRX549769819,30-09-2024
1942,51612.8,Cash,TRX958595490,18-08-2023
1992,2459427.81,Card,TRX916679647,26-07-2025
344,585114.44,UPI,TRX943041599,29-05-2025
2275,35426.7,NetBanking,TRX946653951,06-02-2024
1078,1823425.88,Cash,TRX433078162,29-11-2024
2857,5517.12,Card,TRX657765288,16-08-2023
2799,1274889.58,UPI,TRX062902394,21-02-2023
1522,185665.38,NetBanking,TRX115660957,05-12-2023
355,783250.28,Cash,TRX979115989,13-11-2025
2575,331738.79,Card,TRX403983562,17-07-2023
1279,15850567.37,UPI,TRX346624659,16-11-2025
1403,2431181.98,NetBanking,TRX665853579,03-08-2024
2528,1981700.71,Cash,TRX163619988,21-02-2025
2952,48299.1,Card,TRX464861043,29-03-2024
222,611779.81,UPI,TRX274546008,29-08-2025
1006,2141100.9,NetBanking,TRX089987767,15-08-2024
2683,12581392.34,Cash,TRX471587387,06-05-2025
2791,10314472.79,Card,TRX116154490,17-08-2025
922,191287.59,UPI,TRX833540059,05-05-2024
787,234976.9,NetBanking,TRX038174268,21-09-2024
2099,255971.34,Cash,TRX125524976,19-01-2025
2555,351308.25,Card,TRX186930530,13-09-2024
2920,96206.52,UPI,TRX631730426,15-03-2024
528,9347901.93,NetBanking,TRX067799976,05-01-2024
1950,30219223.95,Cash,TRX781029233,17-01-2024
563,297068.81,Card,TRX042612755,02-05-2025
811,4569847.87,UPI,TRX763146707,03-01-2025
1474,397025.38,NetBanking,TRX956306222,14-06-2025
1613,6189512.62,Cash,TRX466969258,01-11-2024
667,9897789.02,Card,TRX316296150,23-10-2024
1616,1840240.6,UPI,TRX461985375,06-06-2023
1828,2412090.7,NetBanking,TRX537519887,01-09-2023
1779,10183111.66,Cash,TRX198461515,30-08-2025
2098,931166.62,Card,TRX714787968,30-09-2023
438,2470091.2,UPI,TRX716036532,17-04-2024
1804,376281.55,NetBanking,TRX008075797,27-08-2024
2675,16511520,Cash,TRX850013814,21-01-2025
382,3947224.97,Card,TRX906899560,18-11-2023
853,15750,UPI,TRX757345793,15-03-2024
2526,74339.53,NetBanking,TRX631917557,20-12-2023
1349,226186.39,Cash,TRX049121427,01-02-2025
1050,8693708.01,Card,TRX280856275,21-02-2024
276,10738651.92,UPI,TRX284363563,17-11-2024
1523,841589.99,NetBanking,TRX334278946,21-07-2025
97,799556.71,Cash,TRX269949472,18-06-2025
1823,858379.86,Card,TRX636250280,05-10-2023
1848,1587905.22,UPI,TRX597572599,23-07-2023
589,2513160.94,NetBanking,TRX453482872,31-01-2023
2925,14702919.24,Cash,TRX308729215,14-03-2025
1167,2804401.22,Card,TRX777699800,07-11-2025
2388,11405134.84,UPI,TRX659122745,22-02-2023
567,307662,NetBanking,TRX071718034,03-02-2023
329,1250879.42,Cash,TRX220028216,13-10-2023
682,141182.06,Card,TRX337545980,24-01-2024
44,898559.48,UPI,TRX654945294,02-09-2023
1144,405935.48,NetBanking,TRX626581836,09-10-2025
816,3168234.07,Cash,TRX053228353,01-10-2023
2598,100103.12,Card,TRX419033322,08-06-2025
2391,821296.66,UPI,TRX693475404,17-11-2025
1646,314563.52,NetBanking,TRX919673699,13-08-2024
1022,18171557.39,Cash,TRX714889426,28-02-2023
2951,11223776.24,Card,TRX049924786,05-11-2024
419,1238221.96,UPI,TRX452013601,16-09-2023
2760,1295402.5,NetBanking,TRX884943767,07-11-2024
551,264354.09,Cash,TRX625577000,27-09-2024
2235,500533.11,Card,TRX748434622,08-06-2023
2214,1335835.44,UPI,TRX413132679,08-03-2023
948,28521341.12,NetBanking,TRX180840444,26-07-2023
95,649509.24,Cash,TRX192631341,27-05-2024
1540,505305.93,Card,TRX717669532,01-04-2024
2540,710544,UPI,TRX263022815,13-06-2023
519,319401.22,NetBanking,TRX776792238,05-11-2023
965,877060.91,Cash,TRX172951637,18-06-2025
1250,104425.75,Card,TRX774674422,16-03-2023
409,4948716.39,UPI,TRX902286794,19-06-2025
30,57983.84,NetBanking,TRX307545333,22-11-2023
2828,949968.06,Cash,TRX961738906,09-09-2023
2345,86286.96,Card,TRX614664924,07-06-2024
521,301695.92,UPI,TRX125300984,17-10-2025
936,11156464.86,NetBanking,TRX915840564,24-01-2025
1561,283455.24,Cash,TRX595645171,18-01-2025
981,3714905.93,Card,TRX521082949,21-10-2025
2149,390516.84,UPI,TRX403726628,30-04-2023
1221,4099918.64,NetBanking,TRX202559397,12-12-2025
249,16362.74,Cash,TRX561753744,05-12-2023
1678,62216.6,Card,TRX254093721,09-11-2024
209,4884114.12,UPI,TRX935371060,08-10-2024
937,140512.64,NetBanking,TRX407271877,12-06-2025
34,12368929.01,Cash,TRX970997993,14-11-2023
138,86000.52,Card,TRX480454308,22-03-2025
1774,302825.36,UPI,TRX862397357,13-07-2024
1747,187688.11,NetBanking,TRX786085875,27-01-2025
2538,117636.77,Cash,TRX250451711,01-02-2025
1748,6171702.8,Card,TRX024930375,05-02-2023
947,534750.76,UPI,TRX920901545,16-04-2023
972,464031,NetBanking,TRX143972383,23-12-2023
1411,199225.21,Cash,TRX287833704,28-05-2025
761,2969585.64,Card,TRX997758872,03-06-2025
2864,64715.52,UPI,TRX708331817,12-03-2024
1084,984189.47,NetBanking,TRX974323130,10-03-2025
90,1199796.44,Cash,TRX887239148,18-01-2023
2872,2214886.99,Card,TRX592129995,09-08-2023
904,2498558.72,UPI,TRX087229676,12-10-2024
443,191680.33,NetBanking,TRX250099832,06-05-2025
2900,11412.96,Cash,TRX212864435,18-04-2025
2754,2565212.28,Card,TRX022652305,01-01-2024
2329,60031.96,UPI,TRX360689569,17-12-2025
2682,13256099.45,NetBanking,TRX915919243,26-04-2023
2594,1100979.84,Cash,TRX497502992,05-04-2025
393,124393.2,Card,TRX605964867,28-01-2023
524,5327402.66,UPI,TRX506605021,05-09-2024
2800,52175.92,NetBanking,TRX257541477,06-08-2025
312,38803.6,Cash,TRX523398731,05-06-2024
1151,25546684.94,Card,TRX840267387,15-08-2024
494,1461789.77,UPI,TRX634642890,19-04-2024
1793,53182.26,NetBanking,TRX790397187,16-03-2025
2906,8332274.81,Cash,TRX309043051,24-05-2023
2879,291483.7,Card,TRX455777038,10-08-2025
1986,8752.49,UPI,TRX779166190,13-02-2024
488,1670357.75,NetBanking,TRX381397802,08-07-2024
2255,35172.89,Cash,TRX067634488,13-05-2023
1048,405986.86,Card,TRX943609185,01-05-2025
1101,3649396.24,UPI,TRX238451625,04-04-2024
360,11152753.71,NetBanking,TRX206890912,31-03-2025
1770,475969.27,Cash,TRX099622207,20-05-2025
99,446058.08,Card,TRX818053744,22-02-2023
629,579100.28,UPI,TRX100802928,11-06-2023
726,14425.04,NetBanking,TRX284805097,21-10-2023
2999,3326449.63,Cash,TRX990958803,27-01-2025
2591,260427.62,Card,TRX734738614,31-01-2023
1476,67629.66,UPI,TRX696383814,29-11-2024
2250,555756.52,NetBanking,TRX190344735,07-11-2025
2736,98372.32,Cash,TRX273410932,26-02-2023
2105,5124002.2,Card,TRX397372552,18-03-2024
1727,76225.62,UPI,TRX788725936,03-02-2025
2224,8703277.61,NetBanking,TRX334683095,22-01-2025
2410,212306.22,Cash,TRX282457605,06-04-2024
2866,7647167.5,Card,TRX055548804,30-07-2024
2254,315371.16,UPI,TRX536409011,07-03-2024
1238,5973107.04,NetBanking,TRX630189579,19-06-2024
12,5245820.6,Cash,TRX317437192,04-04-2025
2426,27038.56,Card,TRX966519092,20-05-2023
479,31728.73,UPI,TRX579938621,14-06-2023
2143,586828.65,NetBanking,TRX167149839,26-06-2025
2513,708351.03,Cash,TRX907654472,28-10-2024
1354,1262655.3,Card,TRX135667978,05-10-2024
2948,994163.98,UPI,TRX635008739,19-04-2024
1976,1845295.83,NetBanking,TRX633702477,24-01-2023
1574,1392263.6,Cash,TRX494119332,12-01-2023
2486,4545452.34,Card,TRX074156093,30-01-2024
1283,7736238.01,UPI,TRX553792288,26-07-2024
1503,678652.84,NetBanking,TRX150778095,18-08-2023
2892,18155952.52,Cash,TRX170933577,07-09-2025
935,600928.47,Card,TRX561162262,01-07-2025
675,571939.97,UPI,TRX846829348,01-09-2025
2782,3193527.13,NetBanking,TRX316261009,24-03-2024
696,3250935.12,Cash,TRX216115963,16-03-2025
2396,9354583.75,Card,TRX574747265,18-08-2024
969,5482839.92,UPI,TRX952129745,11-03-2025
2498,193054.45,NetBanking,TRX489216127,31-01-2023
2954,8739251.58,Cash,TRX363075615,14-05-2024
270,4887893.95,Card,TRX701875875,22-12-2025
898,528915.43,UPI,TRX694168120,30-03-2024
1713,135501.54,NetBanking,TRX010867012,03-07-2024
2807,839790.84,Cash,TRX999859224,27-12-2023
2447,7887606.9,Card,TRX668806383,01-04-2023
2577,528713.9,UPI,TRX411347049,06-07-2023
2894,1446912.41,NetBanking,TRX924416413,26-08-2025
837,547222.44,Cash,TRX953289017,14-10-2024
2535,74413.32,Card,TRX890720302,14-02-2024
431,1298754.9,UPI,TRX615102582,20-01-2024
2654,2171338.59,NetBanking,TRX326670583,08-05-2023
2961,2770689.44,Cash,TRX462219618,25-04-2023
1226,310014.27,Card,TRX937071109,01-08-2023
462,258042.94,UPI,TRX626006613,08-09-2023
491,319710.54,NetBanking,TRX084872195,02-10-2024
911,541091.32,Cash,TRX250611924,20-03-2024
2297,11314479.85,Card,TRX979721041,22-11-2023
855,17583452.65,UPI,TRX213192397,10-09-2023
2691,159886.28,NetBanking,TRX766702577,23-07-2024
1248,6840274.74,Cash,TRX104647456,03-09-2024
436,2113547.02,Card,TRX459225719,18-08-2025
1397,1274668.12,UPI,TRX182354459,30-12-2024
1564,7063405.78,NetBanking,TRX300997556,23-02-2025
2126,2623727,Cash,TRX771773287,05-07-2023
1579,7926750.78,Card,TRX663691033,18-05-2023
711,718409.09,UPI,TRX861011555,04-11-2024
768,3987438.12,NetBanking,TRX724694240,14-09-2024
2243,65614.42,Cash,TRX090628478,14-05-2024
1036,4910094.01,Card,TRX287520271,26-12-2023
838,802586.94,UPI,TRX897019400,09-12-2024
2817,247805.44,NetBanking,TRX788756875,17-11-2023
149,112654.5,Cash,TRX632502690,07-03-2025
280,60784.8,Card,TRX896977043,07-09-2025
2089,4223344.5,UPI,TRX560402508,17-07-2025
1928,10402250.77,NetBanking,TRX416346689,24-06-2024
88,10505836.69,Cash,TRX576158871,24-10-2024
188,695340.98,Card,TRX199188128,28-05-2023
1878,58564.46,UPI,TRX830253245,18-07-2025
2155,1000301.61,NetBanking,TRX158639172,04-09-2023
1046,591666.88,Cash,TRX751752256,27-11-2025
2164,5651211.36,Card,TRX722337150,12-06-2024
1328,5391537.16,UPI,TRX497995484,29-05-2025
1932,2058815.53,NetBanking,TRX737060124,07-09-2024
226,39428.1,Cash,TRX929274488,28-09-2025
2700,73920.67,Card,TRX270753922,15-10-2023
2413,2177183.27,UPI,TRX148857752,22-04-2024
843,4222635.62,NetBanking,TRX630675985,24-05-2023
1911,6391449.56,Cash,TRX478716783,25-11-2024
298,40147.4,Card,TRX886421691,04-09-2023
2428,25860.8,UPI,TRX657386437,14-09-2023
1647,73913.57,NetBanking,TRX087103170,20-09-2023
1684,5618790.88,Cash,TRX541896123,30-04-2025
1944,542151.7,Card,TRX812116540,15-11-2025
2129,7481779.94,UPI,TRX896697411,26-10-2024
1639,24696.48,NetBanking,TRX316785199,22-08-2023
2455,2018697.9,Cash,TRX486981704,20-06-2025
800,10389730.98,Card,TRX328087466,20-05-2024
2153,1171592.73,UPI,TRX111741835,19-12-2023
1021,724297.68,NetBanking,TRX654477222,07-03-2024
5,93900.9,Cash,TRX191455423,10-12-2025
1165,45555.15,Card,TRX316782459,19-06-2023
1429,4782211.54,UPI,TRX080350058,24-09-2023
807,132554.73,NetBanking,TRX110798021,29-04-2025
624,429590.07,Cash,TRX589462104,28-03-2023
2705,326843.17,Card,TRX528027903,11-11-2024
361,206148.93,UPI,TRX240023732,30-09-2023
1173,371939.75,NetBanking,TRX502163675,20-10-2023
2971,3138600.17,Cash,TRX209014840,31-08-2025
2227,1259548.16,Card,TRX960590615,16-12-2023
829,37077.07,UPI,TRX835374688,07-02-2023
1557,7202577.72,NetBanking,TRX038027970,07-07-2023
2865,1041513.75,Cash,TRX600007381,22-05-2024
472,288442.52,Card,TRX060454003,21-08-2024
444,2512598.13,UPI,TRX268179840,21-06-2024
2074,7829778.43,NetBanking,TRX231107583,22-09-2025
537,15895301.32,Cash,TRX141497199,01-11-2024
1914,249319.43,Card,TRX906720849,07-02-2024
1401,723798.7,UPI,TRX863669431,08-05-2025
373,3899077.56,NetBanking,TRX973598678,29-08-2023
343,768437.82,Cash,TRX009855249,05-09-2025
31,233904,Card,TRX134196017,24-02-2024
1199,3512161,UPI,TRX264346423,31-07-2025
1316,140495.98,NetBanking,TRX262541581,27-05-2023
2448,80748,Cash,TRX984078095,18-12-2024
2695,3990867.31,Card,TRX748644676,04-11-2023
2078,979323.65,UPI,TRX328152425,09-04-2024
2474,3060897.06,NetBanking,TRX801976395,05-09-2024
2288,205901.19,Cash,TRX214625080,09-12-2024
1757,67105.86,Card,TRX212320683,24-01-2025
199,1422735.16,UPI,TRX740194957,26-01-2024
369,200346.71,NetBanking,TRX232755462,22-06-2024
1374,11232309.96,Cash,TRX430958774,29-06-2024
243,5696991.35,Card,TRX770951912,14-12-2024
1264,4789492.11,UPI,TRX894704889,12-08-2024
902,18622150.63,NetBanking,TRX949200092,02-02-2025
2010,562892.62,Cash,TRX095920065,23-04-2024
1309,335444.96,Card,TRX522958255,21-05-2025
1142,70336.96,UPI,TRX308810093,10-01-2025
740,303524.56,NetBanking,TRX339020472,28-09-2025
2986,4801970.72,Cash,TRX930236389,21-06-2024
2027,2036744.36,Card,TRX909429160,14-10-2025
230,890074.33,UPI,TRX858155853,18-02-2023
1864,68668371.01,NetBanking,TRX561193835,11-11-2023
2236,78278.64,Cash,TRX812836856,25-10-2025
78,90755.46,Card,TRX391866169,15-01-2024
1917,867878.94,UPI,TRX823708085,17-12-2024
573,2978412.1,NetBanking,TRX031461996,18-03-2025
2602,9810922.66,Cash,TRX819980115,04-11-2024
2816,465147,Card,TRX858603447,13-03-2023
2007,10663.4,UPI,TRX160846607,21-03-2024
852,1519030.75,NetBanking,TRX496250793,07-06-2024
2199,2116443.37,Cash,TRX695190684,02-06-2023
250,274054.78,Card,TRX379019417,15-01-2023
1927,2885981.5,UPI,TRX064203137,23-04-2024
611,78554.53,NetBanking,TRX456636969,20-08-2023
621,18553.05,Cash,TRX154689648,03-06-2024
2175,11807144,Card,TRX199775863,10-07-2025
1206,10070206.29,UPI,TRX396101443,13-08-2025
1852,669265.23,NetBanking,TRX575861141,26-01-2025
1937,54963.66,Cash,TRX053962092,04-06-2023
2387,2254140.81,Card,TRX452583187,26-03-2025
2751,41977.44,UPI,TRX377184576,20-04-2024
585,1519015.14,NetBanking,TRX458425748,21-11-2024
1775,940363.78,Cash,TRX702342601,30-04-2024
2653,874901.46,Card,TRX414371986,13-05-2023
1310,1635495.38,UPI,TRX976253889,05-04-2025
455,442952.65,NetBanking,TRX686603290,02-02-2025
708,399132.6,Cash,TRX571379385,22-02-2025
1592,584403.78,Card,TRX979026763,03-12-2025
1693,474626.94,UPI,TRX041175035,02-07-2023
1205,4085300.97,NetBanking,TRX282110709,13-12-2025
448,148303.3,Cash,TRX921177619,23-07-2025
2545,617324.76,Card,TRX737010835,10-05-2024
930,130419.24,UPI,TRX463632634,21-04-2023
1092,277841.62,NetBanking,TRX689882157,21-04-2025
1861,55611.19,Cash,TRX378151703,20-01-2024
132,11899703.75,Card,TRX497474667,09-01-2025
2346,1659641.9,UPI,TRX630378123,04-08-2024
2600,16352503.98,NetBanking,TRX954805523,22-04-2023
1953,399294.14,Cash,TRX162598722,01-06-2024
2688,316091.3,Card,TRX390115263,16-10-2025
1106,208512.42,UPI,TRX031750599,12-11-2024
1886,3244480.09,NetBanking,TRX070947050,09-06-2023
1052,322406.16,Cash,TRX695687063,26-03-2025
1413,2525322.61,Card,TRX250106702,16-05-2024
289,681303.7,UPI,TRX136982244,06-07-2025
583,13197311.83,NetBanking,TRX872894432,31-07-2023
65,1530736.81,Cash,TRX290490876,14-06-2024
2938,10353629.74,Card,TRX258549403,21-11-2024
1202,204091.1,UPI,TRX394989385,02-07-2023
693,5210972.46,NetBanking,TRX051807468,04-07-2023
1400,87505.53,Cash,TRX138227382,27-08-2024
2762,10631489.87,Card,TRX603141966,07-11-2024
744,5618027.57,UPI,TRX808804236,13-10-2024
2138,1855325.38,NetBanking,TRX111257927,14-03-2025
527,11908937.56,Cash,TRX029043022,28-03-2024
1462,227230.32,Card,TRX038563737,13-11-2025
490,825410.81,UPI,TRX348232119,25-12-2024
627,18152.34,NetBanking,TRX296662822,10-03-2025
119,2582241.74,Cash,TRX033181276,30-12-2025
286,1127210.28,Card,TRX710448416,25-09-2023
376,13760.92,UPI,TRX874724065,03-01-2024
2963,378418.98,NetBanking,TRX375508412,21-03-2025
147,976695.12,Cash,TRX094309039,06-02-2024
860,948190.38,Card,TRX711344198,19-02-2023
480,2804.13,UPI,TRX246958473,24-05-2023
2067,508737.69,NetBanking,TRX399162993,14-12-2023
2711,2399290.59,Cash,TRX389606527,05-01-2025
1470,1925976.98,Card,TRX306347469,22-02-2025
989,169894.9,UPI,TRX594781973,15-06-2023
2930,16172069.39,NetBanking,TRX815997600,06-09-2023
2278,6588815.3,Cash,TRX960918614,11-12-2023
535,3788635.44,Card,TRX797320465,22-02-2024
1159,1441851.37,UPI,TRX674657125,20-04-2023
2117,1159342.24,NetBanking,TRX975697205,18-02-2025
2603,345610.89,Cash,TRX083668353,04-07-2025
642,1914146.69,Card,TRX867197938,17-01-2024
2698,7334241.39,UPI,TRX858481387,17-07-2025
725,20583.68,NetBanking,TRX574775068,09-02-2023
832,1104098.28,Cash,TRX718804527,15-02-2024
1784,1605628.34,Card,TRX087879732,25-08-2023
1766,7947651.96,UPI,TRX415533883,19-07-2024
1001,236857.49,NetBanking,TRX107655362,19-07-2023
1469,1660923.81,Cash,TRX442818846,06-08-2024
2656,108083.96,Card,TRX358159155,18-05-2023
2242,2537624.47,UPI,TRX449795058,15-07-2023
1820,5602782.27,NetBanking,TRX817240362,12-01-2023
1863,25264260.57,Cash,TRX322343262,15-01-2023
2562,5959.2,Card,TRX897209982,02-06-2025
1335,1256191.96,UPI,TRX175927443,08-10-2023
2187,7305668.44,NetBanking,TRX004974164,26-01-2024
2940,1902676.09,Cash,TRX847943675,27-08-2024
2699,101490.96,Card,TRX947874712,19-06-2024
2319,2290643.88,UPI,TRX764719063,07-09-2023
1297,587804.86,NetBanking,TRX378803837,27-12-2025
1869,798280.17,Cash,TRX502607915,15-12-2023
918,3331755.93,Card,TRX966357860,20-07-2024
2050,9202598.66,UPI,TRX208558427,16-09-2024
2312,179934.15,NetBanking,TRX881737304,21-11-2025
1303,1466997.3,Cash,TRX951084946,26-11-2023
1703,204539.55,Card,TRX123645162,03-05-2023
2943,507207.62,UPI,TRX341909295,17-11-2025
459,278107.14,NetBanking,TRX875169969,15-06-2024
2051,343633.25,Cash,TRX431547011,22-11-2024
2939,19076705.8,Card,TRX046177212,05-06-2025
123,489987.5,UPI,TRX886490120,29-11-2024
2305,389810.72,NetBanking,TRX912105498,04-11-2025
2135,1193696.5,Cash,TRX410075386,25-10-2025
1418,1160.69,Card,TRX215260505,08-08-2025
1180,434119.12,UPI,TRX699778529,03-09-2025
881,11599350.65,NetBanking,TRX538852709,13-01-2024
2123,2761701.16,Cash,TRX490505478,19-11-2023
385,2528278.04,Card,TRX704416947,25-07-2025
492,9423804.6,UPI,TRX461974836,04-07-2024
2375,1885722.87,NetBanking,TRX130996035,11-03-2023
1631,1212060.07,Cash,TRX339710986,28-04-2024
2120,11995.36,Card,TRX501299630,14-11-2024
2163,13253322.53,UPI,TRX716004746,07-06-2024
606,1220667.02,NetBanking,TRX972734797,21-01-2023
2134,8805852.81,Cash,TRX625669945,07-06-2025
1667,8831272.94,Card,TRX804635273,30-01-2024
880,188814.99,UPI,TRX294239753,19-03-2024
1072,72640.77,NetBanking,TRX675483804,15-08-2024
2852,26192400.14,Cash,TRX928757519,22-03-2023
2669,7523,Card,TRX781697763,20-04-2024
208,29674757.64,UPI,TRX428308139,30-12-2023
2725,3487383.92,NetBanking,TRX320285503,15-10-2024
614,322187.25,Cash,TRX468356988,27-08-2024
24,3785337.35,Card,TRX654220588,31-05-2024
966,71119.09,UPI,TRX882568994,04-01-2025
2712,921756.53,NetBanking,TRX753882776,28-12-2025
94,4664864.89,Cash,TRX340065740,26-09-2024
1055,21313949.69,Card,TRX320094121,27-05-2025
1188,8282087.8,UPI,TRX103595268,14-12-2023
2069,48462.1,NetBanking,TRX092515614,16-08-2025
2148,11155898.01,Cash,TRX447889502,29-04-2023
2110,638873.1,Card,TRX808975411,09-12-2024
1955,406012.08,UPI,TRX318868270,26-05-2024
1502,3733.8,NetBanking,TRX599576227,29-06-2025
1752,1362287.34,Cash,TRX280081544,01-12-2025
2982,2560545.42,Card,TRX326816820,07-10-2024
1642,3221098.31,UPI,TRX486615607,20-08-2023
1580,50278.96,NetBanking,TRX166449230,09-03-2024
477,8651225.48,Cash,TRX701931529,27-08-2025
2907,866577.99,Card,TRX319246747,12-11-2024
781,8056522.68,UPI,TRX313392681,28-12-2023
2431,249972.55,NetBanking,TRX263257687,14-02-2024
1362,4260538.3,Cash,TRX452061644,28-07-2024
2606,23990.2,Card,TRX031100576,27-06-2024
1799,463996.26,UPI,TRX445559163,20-04-2025
1509,386430.2,NetBanking,TRX435573281,21-05-2023
849,173693.96,Cash,TRX527058791,30-11-2025
2228,5289152.52,Card,TRX454850321,22-02-2023
1573,86487.63,UPI,TRX161869360,28-10-2023
2365,4195306.41,NetBanking,TRX970302995,08-04-2025
2055,28116.99,Cash,TRX692521612,22-01-2024
1698,7715045.11,Card,TRX426270003,29-01-2024
1348,2885.52,UPI,TRX074010016,28-04-2024
2956,522043.83,NetBanking,TRX294532687,30-09-2024
1096,17799756.62,Cash,TRX037164387,22-11-2025
1673,7277643.99,Card,TRX543416257,14-06-2025
961,12906931.54,UPI,TRX074178919,25-12-2023
2298,422182.94,NetBanking,TRX170742743,14-02-2023
1433,508334.53,Cash,TRX158695722,02-03-2025
2215,66192.74,Card,TRX175121092,04-11-2025
1781,1066041.78,UPI,TRX441834870,12-10-2025
2403,256724.34,NetBanking,TRX882638251,06-07-2024
733,8567368.63,Cash,TRX417814719,05-07-2025
1594,16960593.26,Card,TRX193407580,23-07-2025
261,463477.91,UPI,TRX800522924,05-04-2024
1728,274531.73,NetBanking,TRX734252042,28-03-2023
2311,915911.01,Cash,TRX671309143,01-04-2025
125,450362.54,Card,TRX099497824,13-03-2024
700,317120.61,UPI,TRX755934257,10-07-2023
1426,1693715.69,NetBanking,TRX591646376,30-01-2024
43,3657392.49,Cash,TRX605159387,14-12-2023
587,34322962.61,Card,TRX870244744,31-05-2023
2592,431841.89,UPI,TRX082833462,07-07-2025
1908,72497.88,NetBanking,TRX092392153,22-05-2023
187,2196824.07,Cash,TRX538783885,02-04-2025
349,9532683.4,Card,TRX359769445,03-12-2024
2953,865175.19,UPI,TRX760852960,07-07-2023
2756,575869.04,NetBanking,TRX522187384,17-06-2025
1533,43944.32,Cash,TRX673964131,30-10-2025
1978,3104042.5,Card,TRX504035859,11-09-2023
2644,1572021.93,UPI,TRX910677305,14-06-2023
2065,77595.48,NetBanking,TRX850461363,26-05-2024
1416,293881.2,Cash,TRX522602335,03-04-2024
242,1184958.3,Card,TRX512779304,18-02-2024
2991,7987927.98,UPI,TRX763589680,28-01-2025
1576,28508.49,NetBanking,TRX381900904,05-11-2023
2633,50038.68,Cash,TRX116352500,14-08-2024
2226,35662.79,Card,TRX665292540,25-09-2025
1954,20576648.92,UPI,TRX998256792,27-03-2025
2826,75096948.08,NetBanking,TRX888145823,27-09-2025
1232,1248674.34,Cash,TRX068697613,24-06-2024
1543,454415.6,Card,TRX645159678,09-06-2024
29,444469.5,UPI,TRX409145792,01-02-2023
4,1347678.32,NetBanking,TRX077799861,27-01-2025
2419,46516.86,Cash,TRX101824791,06-04-2024
96,10575543.81,Card,TRX020358351,14-05-2024
2301,112008.61,UPI,TRX627190483,14-09-2024
980,3469989.02,NetBanking,TRX053186801,24-06-2024
2068,720010.08,Cash,TRX326738699,21-01-2024
1787,728678.83,Card,TRX017468905,31-01-2024
2028,55671.4,UPI,TRX016928975,01-09-2024
631,675520.96,NetBanking,TRX529755675,09-01-2023
107,470315.88,Cash,TRX977672948,21-06-2024
6,1997990.78,Card,TRX599651983,15-03-2023
1163,984060.72,UPI,TRX790189193,05-08-2023
1551,2332728.37,NetBanking,TRX645239660,28-07-2024
1148,5952701.51,Cash,TRX960669941,26-12-2023
1641,1257720.62,Card,TRX806471720,30-12-2023
2200,2201.42,UPI,TRX818077375,10-09-2023
1628,2464913.2,NetBanking,TRX874396824,07-04-2023
1650,4198472.89,Cash,TRX095255422,08-10-2025
2351,1174443.12,Card,TRX277943511,10-05-2023
661,123121.28,UPI,TRX387892612,01-08-2024
512,1257759.36,NetBanking,TRX009987381,01-02-2025
340,2624674.89,Cash,TRX469267346,17-03-2025
1653,5995604.76,Card,TRX531440613,12-11-2024
356,332902.64,UPI,TRX739843937,08-01-2025
2911,5778385.2,NetBanking,TRX295905312,27-12-2024
1919,139945.05,Cash,TRX829120215,19-06-2025
458,1562224.3,Card,TRX248616939,28-06-2025
368,1364550.8,UPI,TRX849616796,18-03-2023
1572,32745850.89,NetBanking,TRX736776642,17-03-2023
1982,1496865.03,Cash,TRX524131368,16-07-2023
1850,1420880.54,Card,TRX788218795,31-07-2023
2470,5070869.86,UPI,TRX071260120,31-03-2023
2023,9134.44,NetBanking,TRX037150210,09-10-2023
2167,788920.32,Cash,TRX946494674,18-08-2025
924,121185.58,Card,TRX021290624,25-07-2023
872,1314936.75,UPI,TRX702254488,07-06-2023
2748,409761.2,NetBanking,TRX102339293,18-09-2024
1140,3114922.12,Cash,TRX460141795,16-09-2024
792,173052.03,Card,TRX254817186,30-07-2023
1965,2126009.27,UPI,TRX945869928,12-05-2025
896,826895.54,NetBanking,TRX261678549,12-09-2025
359,3391308.89,Cash,TRX612720553,12-10-2023
1449,304320.09,Card,TRX766577209,30-11-2025
2811,8287571.61,UPI,TRX263482357,27-07-2024
1212,3237245.02,NetBanking,TRX793222873,29-09-2024
217,576146.66,Cash,TRX364377535,16-02-2024
1332,130264.8,Card,TRX948796713,09-11-2024
985,3211042.25,UPI,TRX140458468,16-04-2024
2877,5576261.25,NetBanking,TRX687665517,11-12-2023
779,66302.4,Cash,TRX675398128,03-02-2024
1737,94519.18,Card,TRX371031199,02-04-2025
2092,15566734.08,UPI,TRX794378322,08-09-2025
2658,1364367.13,NetBanking,TRX231461101,15-10-2024
1251,1553435.46,Cash,TRX309108252,14-10-2024
1721,149539.02,Card,TRX488107076,29-08-2024
2173,4741842.92,UPI,TRX091844860,02-11-2023
931,1042883.95,NetBanking,TRX280413283,07-07-2025
2845,2700947.65,Cash,TRX674430682,08-12-2025
1706,316087.76,Card,TRX123995420,13-06-2025
1189,100446.94,UPI,TRX350845361,29-04-2023
2444,1276639.19,NetBanking,TRX240245343,02-07-2025
718,6528679.95,Cash,TRX507828486,02-01-2025
1654,7214573.52,Card,TRX088067779,12-07-2023
1364,466395.6,UPI,TRX520196109,03-02-2025
2551,431497.36,NetBanking,TRX890909768,04-10-2024
1889,515572.13,Cash,TRX743850479,02-09-2024
1991,2935525.7,Card,TRX209490768,16-06-2024
304,1021916.06,UPI,TRX443798580,07-01-2026
2234,29378.61,NetBanking,TRX970370579,21-02-2023
2338,977527.51,Cash,TRX147309565,22-08-2023
52,588708.89,Card,TRX702291941,17-10-2023
1971,450623,UPI,TRX497296075,01-12-2025
2772,17085690.02,NetBanking,TRX591387537,22-03-2024
633,11764.68,Cash,TRX442659523,28-06-2024
2190,10209391.73,Card,TRX435830115,27-08-2023
2344,5858650.08,UPI,TRX027242532,01-01-2025
450,13378.46,NetBanking,TRX331613342,12-05-2024
405,2877027.9,Cash,TRX696087872,04-06-2025
996,2718972.14,Card,TRX976032076,16-11-2023
2246,540271.06,UPI,TRX578277026,20-01-2025
1197,14903585.09,NetBanking,TRX064973056,10-09-2024
1063,228931.92,Cash,TRX486008820,31-03-2024
69,7867369.19,Card,TRX231111079,09-05-2023
878,281781.72,UPI,TRX026359880,03-05-2024
2369,948897.59,NetBanking,TRX744280568,02-10-2023
679,5380822.23,Cash,TRX539328538,21-12-2024
983,6869274.92,Card,TRX854908178,26-06-2024
1912,64044.18,UPI,TRX909527854,14-07-2024
375,598626.92,NetBanking,TRX601570439,16-12-2023
2546,3169588.15,Cash,TRX987005905,28-03-2025
2264,6377781.6,Card,TRX743553976,23-01-2024
729,5998084.58,UPI,TRX114167864,02-02-2023
1242,146177.28,NetBanking,TRX390088612,14-05-2023
782,53392.92,Cash,TRX492658659,08-09-2023
1514,164591.32,Card,TRX710762328,01-06-2024
1338,1866808.24,UPI,TRX855368018,28-01-2024
1359,203328.15,NetBanking,TRX542500767,23-04-2024
982,224205.87,Cash,TRX228862911,09-06-2024
1079,1906937.35,Card,TRX021381564,01-04-2023
1330,1556107.48,UPI,TRX603346529,27-03-2025
821,237259.98,NetBanking,TRX233662373,08-04-2025
1384,9861973.08,Cash,TRX451832670,30-11-2025
2709,780980.26,Card,TRX751155182,31-01-2024
1141,6714448.72,UPI,TRX955998393,10-12-2023
1329,217686.74,NetBanking,TRX829865671,04-03-2025
2806,13769114.9,Cash,TRX266986251,01-08-2024
2238,9342515.48,Card,TRX664301142,10-06-2023
2233,335052.4,UPI,TRX814054310,25-12-2024
279,379679.07,NetBanking,TRX048090239,05-02-2025
1481,1516050.09,Cash,TRX310138653,13-02-2023
9,2134884.96,Card,TRX609381032,18-01-2024
1490,78330.52,UPI,TRX878503791,07-08-2024
736,188055.65,NetBanking,TRX709365649,21-09-2025
1947,691504.63,Cash,TRX454693984,19-01-2024
566,995394.5,Card,TRX232435984,30-05-2025
457,1766160.82,UPI,TRX809542639,28-05-2024
1041,141668.56,NetBanking,TRX026572773,02-03-2024
553,2233777.2,Cash,TRX507572278,22-07-2025
302,1831084.41,Card,TRX371679768,30-10-2025
1520,739963.22,UPI,TRX240896163,16-02-2025
1968,66943.61,NetBanking,TRX089474928,21-06-2023
927,740392.95,Cash,TRX066663340,13-08-2025
2989,7566606.89,Card,TRX755038626,21-01-2023
1385,1482910.55,UPI,TRX055046580,16-12-2023
2519,3189896.59,NetBanking,TRX565953292,25-11-2023
398,810131.7,Cash,TRX150840902,09-02-2024
2510,112562.27,Card,TRX657394479,10-07-2024
2641,39489.36,UPI,TRX839021944,19-03-2025
165,10459455.69,NetBanking,TRX327758209,25-04-2024
2645,13524435.78,Cash,TRX749199474,26-03-2023
56,2548615.95,Card,TRX373577563,02-04-2023
2266,587646.21,UPI,TRX810255901,08-04-2025
2231,4698706.79,NetBanking,TRX918199877,12-09-2024
820,1756181.39,Cash,TRX388351575,30-08-2024
1267,2598890.11,Card,TRX573785516,11-12-2023
992,128053.69,UPI,TRX282246857,11-04-2024
894,949014.28,NetBanking,TRX428616101,27-09-2023
1357,1294684.15,Cash,TRX352617722,17-06-2025
2797,2497156.31,Card,TRX141905028,19-05-2024
2427,301724.3,UPI,TRX482075915,28-04-2025
245,146362.17,NetBanking,TRX076148374,24-07-2024
2615,5843349,Cash,TRX939967878,06-04-2023
1326,15993.81,Card,TRX621942549,23-01-2025
2901,1327972.52,UPI,TRX515595177,18-01-2024
1020,303374.86,NetBanking,TRX892131610,03-03-2024
2670,434188.16,Cash,TRX615325269,02-08-2023
2222,1014215.3,Card,TRX755119429,16-05-2023
484,7595422.25,UPI,TRX823309607,12-06-2024
2216,754552.62,NetBanking,TRX205966264,08-02-2023
558,356367.73,Cash,TRX434245696,18-03-2025
144,29844727.5,Card,TRX447091232,18-04-2023
1720,51524.96,UPI,TRX390122102,15-03-2024
1885,1243906.56,NetBanking,TRX935894003,19-12-2024
1538,48043.8,Cash,TRX673320158,01-06-2025
1224,1103189.86,Card,TRX842356031,18-11-2025
168,15406950.35,UPI,TRX573015730,08-12-2024
471,3856155.56,NetBanking,TRX412701292,05-11-2024
1930,18747.44,Cash,TRX726672499,03-10-2025
2221,345654.66,Card,TRX038657524,08-06-2023
2169,761244.24,UPI,TRX454691841,26-10-2023
2505,1760.35,NetBanking,TRX963405174,15-09-2023
2511,60820.89,Cash,TRX386412719,27-04-2025
2417,4393877.35,Card,TRX739859129,18-05-2023
2625,1374143.67,UPI,TRX011642681,20-06-2025
2499,149000.8,NetBanking,TRX951618939,04-08-2025
290,1428364.57,Cash,TRX670708530,09-10-2023
2497,24440.08,Card,TRX761602978,17-11-2023
1352,1443290.57,UPI,TRX568228969,10-11-2025
1716,28998,NetBanking,TRX671461583,30-08-2025
2886,2737254.83,Cash,TRX605361746,07-07-2025
2729,3209110.25,Card,TRX854670138,08-02-2024
2694,66402.52,UPI,TRX562665061,26-01-2024
1441,1009066.43,NetBanking,TRX616510070,27-03-2024
2718,23827.02,Cash,TRX302061765,27-06-2025
1035,1017343.4,Card,TRX356506645,09-10-2023
2458,1070098.51,UPI,TRX542017592,13-11-2025
41,31673.07,NetBanking,TRX187877150,15-08-2023
2091,3148789.52,Cash,TRX943831575,05-04-2024
1389,19933643.14,Card,TRX326468549,02-07-2024
572,414761.33,UPI,TRX852230060,07-11-2025
1735,713755.33,NetBanking,TRX370736111,29-03-2025
247,830696.98,Cash,TRX754327130,11-07-2025
2326,717879.98,Card,TRX112629714,06-12-2024
1881,1057495.61,UPI,TRX495303014,29-05-2024
2649,1131322.74,NetBanking,TRX577712960,03-01-2026
1621,1042966.03,Cash,TRX458218064,17-07-2025
1182,90567.76,Card,TRX613438071,23-09-2024
1946,11888899.97,UPI,TRX041712669,26-05-2024
2905,2050716.05,NetBanking,TRX833759828,08-12-2023
2339,2347662.05,Cash,TRX396469301,05-03-2024
2186,64627.26,Card,TRX030513977,22-01-2025
864,206839.66,UPI,TRX911903108,09-07-2024
672,815228.59,NetBanking,TRX455039920,25-04-2023
2083,182217,Cash,TRX736788200,27-11-2024
1454,2992434.48,Card,TRX190895282,30-10-2025
1584,28061.73,UPI,TRX069350336,17-05-2023
316,751069.31,NetBanking,TRX441424795,24-06-2025
2805,613222.4,Cash,TRX457901199,12-05-2025
1282,2591705.13,Card,TRX325191695,17-05-2023
2639,496698.77,UPI,TRX155443284,21-02-2025
256,5358640.98,NetBanking,TRX143320553,08-12-2025
628,192723.58,Cash,TRX700322611,13-05-2023
1860,2814889.92,Card,TRX590515359,11-09-2025
885,5653143.69,UPI,TRX417931953,05-03-2024
422,12999053.54,NetBanking,TRX307458102,24-08-2024
2095,747050.9,Cash,TRX363348190,28-05-2023
185,863441.71,Card,TRX537089432,07-08-2024
215,106284.18,UPI,TRX690970092,30-09-2025
1107,20644.47,NetBanking,TRX188598814,26-10-2025
2554,405645.06,Cash,TRX267383580,22-10-2024
1275,729820.81,Card,TRX103933220,25-04-2023
1157,71467.22,UPI,TRX051578221,17-08-2024
1465,43885.02,NetBanking,TRX479934511,20-01-2023
1155,2001187.3,Cash,TRX059881943,28-02-2025
617,244190.57,Card,TRX958881198,25-11-2024
2253,5437515.63,UPI,TRX930321013,18-05-2025
1541,119139.86,NetBanking,TRX693081220,16-12-2023
1531,9646838.34,Cash,TRX956857598,04-08-2023
2022,4232979.9,Card,TRX337654036,06-11-2024
1671,1050491.75,UPI,TRX067591487,25-08-2023
314,409993.31,NetBanking,TRX453647360,28-07-2025
2607,74656.41,Cash,TRX245154949,29-04-2023
817,48577820.54,Card,TRX216228330,09-10-2025
2522,350468.98,UPI,TRX893834544,09-11-2024
426,115090.7,NetBanking,TRX458861100,08-11-2023
2808,448410.68,Cash,TRX962261648,15-07-2024
1891,4285743.9,Card,TRX139390412,20-04-2025
1805,81175.42,UPI,TRX381538783,16-07-2023
299,19824487.13,NetBanking,TRX450774030,02-07-2025
1113,100086.9,Cash,TRX815200014,28-08-2024
2822,12754252.97,Card,TRX974283546,18-01-2023
2561,11984.7,UPI,TRX961571847,20-06-2025
605,1882879.36,NetBanking,TRX786020998,16-11-2023
1317,19714383.62,Cash,TRX416513722,01-03-2023
660,622172.6,Card,TRX380310786,29-10-2023
971,3275841.2,UPI,TRX727034114,06-06-2023
1825,967455.5,NetBanking,TRX952797176,01-02-2024
2871,5360.74,Cash,TRX935916780,28-02-2024
2342,7758725.96,Card,TRX011772379,27-01-2024
1759,22710223.21,UPI,TRX310977657,05-12-2024
910,17684814.4,NetBanking,TRX754834719,27-09-2024
1707,631018.97,Cash,TRX417652844,28-07-2025
236,952010.12,Card,TRX515666790,01-08-2025
941,191309.46,UPI,TRX844473106,07-11-2023
949,3059036.01,NetBanking,TRX304379269,03-06-2024
2433,9554557.09,Cash,TRX414879574,22-03-2025
2970,64773.28,Card,TRX209721401,10-05-2023
1626,56890637.23,UPI,TRX956905045,29-01-2023
1064,132191.67,NetBanking,TRX115208538,07-09-2023
454,355703.7,Cash,TRX690814577,16-05-2025
1751,7418671.85,Card,TRX421324820,22-01-2025
2077,151845.66,UPI,TRX174438068,28-02-2023
1193,695100.93,NetBanking,TRX498641457,23-07-2024
227,81838.05,Cash,TRX189354447,29-06-2025
2795,1025015.15,Card,TRX048783222,21-12-2024
1204,124895.24,UPI,TRX832134042,07-08-2023
73,1126224.4,NetBanking,TRX678889966,27-09-2025
2590,3807738.78,Cash,TRX596892129,24-08-2023
2646,15406827.38,Card,TRX362476017,07-12-2025
2980,215825.69,UPI,TRX202639554,05-06-2023
1874,20607.29,NetBanking,TRX542264168,05-08-2024
2179,311336.35,Cash,TRX240540242,30-03-2025
1171,3926758.01,Card,TRX563684792,29-10-2023
1085,4846628.16,UPI,TRX826724000,04-11-2025
121,168434.85,NetBanking,TRX915163156,17-05-2023
239,1724796,Cash,TRX667328503,21-11-2025
2769,139751.04,Card,TRX674995379,05-06-2024
1353,1260804.87,UPI,TRX482623769,25-11-2024
1438,195160.86,NetBanking,TRX179792562,08-12-2025
1407,549114.43,Cash,TRX473133765,20-05-2023
561,10450947.76,Card,TRX953997458,16-05-2024
2418,1009919.14,UPI,TRX808794893,08-05-2024
1688,36121023.67,NetBanking,TRX689293278,23-02-2023
2495,681532.26,Cash,TRX160959721,14-07-2024
2937,3884544.65,Card,TRX222521882,25-08-2023
2946,8109982.2,UPI,TRX011670296,21-03-2023
755,1515235.08,NetBanking,TRX195308213,27-01-2024
1184,1023686.19,Cash,TRX360955725,13-07-2024
1670,5278494.03,Card,TRX605712199,13-04-2025
2158,238207.36,UPI,TRX725490988,06-12-2023
15,4885165.73,NetBanking,TRX766151382,28-03-2023
1129,326031.57,Cash,TRX171953438,04-05-2023
859,73107.45,Card,TRX136138244,05-07-2025
767,405685.2,UPI,TRX561402812,11-01-2024
2386,474717,NetBanking,TRX635056513,15-09-2023
1367,52579.8,Cash,TRX816232631,28-03-2023
2627,909404.56,Card,TRX439335569,03-05-2024
244,46350.72,UPI,TRX917306150,20-03-2024
2353,1626600.57,NetBanking,TRX570120537,13-10-2023
1192,3310434.79,Cash,TRX921847491,16-01-2025
1088,238447.79,Card,TRX234397073,20-05-2024
2206,10036974.19,UPI,TRX691948208,23-08-2024
468,376403.08,NetBanking,TRX672333246,29-04-2025
1717,5424372.06,Cash,TRX907519718,17-02-2025
1725,30617.04,Card,TRX206089133,03-03-2024
1243,4599111.79,UPI,TRX060667552,07-03-2025
721,4338.76,NetBanking,TRX588007684,17-03-2024
2584,3890251.09,Cash,TRX733922618,26-08-2025
251,16100.99,Card,TRX697238276,21-11-2023
1100,1214138.18,UPI,TRX338372551,17-08-2025
1270,3802314.74,NetBanking,TRX986003324,25-12-2024
1436,157941.17,Cash,TRX844466954,19-08-2024
2379,9487435.23,Card,TRX460417721,08-01-2024
1516,2334592.9,UPI,TRX361384322,29-08-2025
786,8453375.63,NetBanking,TRX718442930,16-10-2025
1455,1069902.55,Cash,TRX438111443,18-02-2025
321,54128.2,Card,TRX744587201,26-10-2025
2223,3456762,UPI,TRX493917258,20-04-2024
105,41962.27,NetBanking,TRX923832127,21-05-2025
402,4197450.61,Cash,TRX096176364,11-02-2024
804,324503.89,Card,TRX769372094,22-12-2024
1934,25256008.59,UPI,TRX577461657,29-08-2023
2947,72051.22,NetBanking,TRX430865018,13-02-2024
866,445648.84,Cash,TRX815584685,26-03-2025
2047,754764.06,Card,TRX206462507,20-06-2023
1542,1170109.46,UPI,TRX100143069,16-06-2023
2932,95941.23,NetBanking,TRX114669258,04-04-2025
991,1013772.63,Cash,TRX269559637,11-09-2024
2844,2313104.14,Card,TRX536659684,09-07-2025
1391,900806.58,UPI,TRX791651202,29-01-2023
467,76801.8,NetBanking,TRX340286355,26-10-2024
327,4152.45,Cash,TRX926917188,28-11-2023
1177,20812758.52,Card,TRX014685436,28-03-2025
1121,151776.24,UPI,TRX935949402,13-09-2025
2493,26665.6,NetBanking,TRX578221528,19-01-2024
1882,792213.62,Cash,TRX687143155,21-07-2024
2262,1833413.97,Card,TRX999716261,14-09-2025
1566,1318898.85,UPI,TRX021814188,01-07-2023
1343,856463.28,NetBanking,TRX607949075,07-11-2024
1785,1193725.72,Cash,TRX799182078,25-01-2024
2405,11033270.54,Card,TRX763587405,25-01-2025
1714,8513501.55,UPI,TRX973232643,19-03-2025
372,331487.84,NetBanking,TRX173065585,04-12-2024
1358,1270203.7,Cash,TRX979535318,29-09-2025
2978,486202.2,Card,TRX451023884,28-08-2024
339,438487.94,UPI,TRX088402403,18-07-2024
600,1887386.66,NetBanking,TRX187399562,28-04-2023
2041,14545.38,Cash,TRX636167173,06-04-2023
2647,21800414.98,Card,TRX275698050,04-10-2024
2287,540540.99,UPI,TRX010220331,20-10-2025
772,188312.47,NetBanking,TRX777961874,27-01-2025
335,1481450.93,Cash,TRX505561742,10-03-2024
1596,4453458.56,Card,TRX687521829,23-08-2023
2521,4293336.26,UPI,TRX111308987,28-10-2023
808,6873075.75,NetBanking,TRX369968558,13-10-2023
1695,31766.22,Cash,TRX684401164,30-06-2025
1768,1154042.96,Card,TRX009112486,27-04-2024
827,87947.48,UPI,TRX744026090,07-09-2023
377,2037020.6,NetBanking,TRX937344549,28-04-2023
1360,527895.32,Cash,TRX515327333,29-03-2025
2489,12661081.75,Card,TRX768842403,10-02-2023
2732,3954203.85,UPI,TRX106439219,17-11-2025
857,5562643.78,NetBanking,TRX873999056,06-01-2023
986,754545.73,Cash,TRX117788471,11-06-2024
619,9037.2,Card,TRX711030414,05-03-2024
2903,127558.39,UPI,TRX881105053,22-03-2025
1214,18998609.35,NetBanking,TRX495443510,09-07-2023
2107,3285234.02,Cash,TRX374881184,30-06-2023
20,4267260.68,Card,TRX067221329,28-06-2024
1394,3424935.15,UPI,TRX063417839,21-06-2023
1341,533765.54,NetBanking,TRX457288375,06-10-2023
1074,23879955.12,Cash,TRX312033545,28-07-2023
517,31781.76,Card,TRX376241644,15-11-2024
1873,9272590.75,UPI,TRX639762978,02-08-2024
1957,5666175.2,NetBanking,TRX499784096,05-11-2023
2840,5924126.11,Cash,TRX323062290,18-10-2024
1111,2988777.12,Card,TRX437928444,02-05-2025
2482,319417.17,UPI,TRX199672427,14-03-2024
1082,9342.08,NetBanking,TRX219315392,25-03-2024
2102,763885.83,Cash,TRX219772151,20-02-2024
203,10036409.72,Card,TRX099298937,13-03-2024
1181,29243049.27,UPI,TRX506982350,25-05-2024
2277,30206.85,NetBanking,TRX304337949,28-10-2025
1172,1353630.08,Cash,TRX490148055,14-02-2023
2249,410674.96,Card,TRX870389996,13-08-2024
2720,7789.53,UPI,TRX442691300,14-11-2023
1208,254663.28,NetBanking,TRX288168914,21-04-2024
511,29701261.48,Cash,TRX904804452,11-01-2024
1351,150202.96,Card,TRX930862379,19-02-2024
1660,2136641.89,UPI,TRX642973586,05-04-2023
1183,231704.76,NetBanking,TRX043863071,23-12-2024
1610,609023.49,Cash,TRX119566434,01-04-2023
2929,457528.15,Card,TRX559773445,04-02-2025
2408,536289.3,UPI,TRX744322644,22-06-2024
1903,1229541.96,NetBanking,TRX098802685,19-06-2024
1220,13138023.69,Cash,TRX306704295,06-10-2023
451,886438.88,Card,TRX052971380,07-12-2023
323,585552.2,UPI,TRX176075918,14-09-2023
348,85433.24,NetBanking,TRX077787250,27-02-2025
112,19390.05,Cash,TRX479380857,16-08-2023
2113,85640.46,Card,TRX640979095,19-01-2025
2944,1097909.69,UPI,TRX326284576,16-08-2025
613,715034.77,NetBanking,TRX543236730,22-12-2025
268,12961170.83,Cash,TRX721006076,07-11-2025
1042,1801.41,Card,TRX982016270,21-09-2024
2371,545736.7,UPI,TRX113870698,07-12-2023
1404,112439.78,NetBanking,TRX349437686,02-07-2024
2016,3215714.32,Cash,TRX218292717,22-08-2023
615,6153427.34,Card,TRX480731496,16-08-2024
2492,3135488.06,UPI,TRX569026090,07-06-2024
830,111148.8,NetBanking,TRX649931462,28-04-2025
1545,561488.19,Cash,TRX414904126,15-06-2025
1482,5311613.6,Card,TRX769302025,08-04-2024
1581,5093501.75,UPI,TRX616335228,31-05-2023
2730,47515.82,NetBanking,TRX697007018,19-08-2025
988,263092.73,Cash,TRX193316550,02-12-2023
1340,5815847.31,Card,TRX543370144,11-02-2025
601,7764.28,UPI,TRX221614286,15-07-2024
590,532594.9,NetBanking,TRX807672538,17-06-2025
2908,14201377.11,Cash,TRX669064280,06-09-2023
82,527071.59,Card,TRX935855384,24-12-2023
2000,340285.17,UPI,TRX692219781,05-12-2024
202,70136.43,NetBanking,TRX607808865,19-04-2024
2203,1319818.41,Cash,TRX149777285,04-07-2025
610,46769.12,Card,TRX057485276,20-09-2025
2974,5567274.09,UPI,TRX294421644,26-05-2024
678,364832.71,NetBanking,TRX325093766,06-06-2025
1390,648634.98,Cash,TRX011307002,21-06-2024
510,4456890.69,Card,TRX206480760,12-07-2025
579,4253.16,UPI,TRX302903517,12-05-2023
1981,533704.83,NetBanking,TRX071826194,31-01-2024
1176,38708.32,Cash,TRX365488529,20-02-2023
2280,537236.08,Card,TRX955346106,24-02-2023
198,8704119.13,UPI,TRX450711199,30-12-2025
212,2319.36,NetBanking,TRX444656863,12-04-2024
28,400530.36,Cash,TRX515011155,15-12-2023
2316,15048,Card,TRX951830714,12-04-2023
1089,597250,UPI,TRX335557054,27-07-2025
1380,2945619.36,NetBanking,TRX599998306,20-08-2025
1656,1140746.81,Cash,TRX190041662,18-08-2024
2208,1062124.52,Card,TRX676646815,01-06-2025
720,1478900.05,UPI,TRX229765141,06-07-2025
917,4834838.85,NetBanking,TRX725107135,04-06-2025
1605,366596.1,Cash,TRX437193678,13-11-2025
515,53980.29,Card,TRX953665837,08-01-2024
1256,631939.76,UPI,TRX546703586,03-03-2025
2142,21488502.37,NetBanking,TRX067540783,13-04-2023
1000,3204936.17,Cash,TRX703622971,20-03-2025
2927,7067980.86,Card,TRX467995438,14-03-2023
2205,887981.72,UPI,TRX855235041,06-04-2025
706,277223.25,NetBanking,TRX990903798,11-02-2023
2286,2180459.5,Cash,TRX718255545,29-11-2025
2836,143262.01,Card,TRX036737452,02-11-2024
2139,1192090.54,UPI,TRX567845315,10-08-2024
571,316012.84,NetBanking,TRX848539892,29-01-2025
216,222441.2,Cash,TRX762887608,23-12-2025
956,143550.3,Card,TRX874695593,14-12-2025
666,2493178.05,UPI,TRX333882731,07-01-2024
295,37274.88,NetBanking,TRX554155396,20-07-2024
958,8896569.89,Cash,TRX676429430,24-05-2025
694,1016447.24,Card,TRX632193990,05-09-2025
1655,12028.08,UPI,TRX786868702,02-08-2023
1114,6159486.93,NetBanking,TRX526612961,28-01-2024
833,16185024.67,Cash,TRX160626968,22-02-2025
1760,65189292.29,Card,TRX827498959,23-01-2023
1553,669371.52,UPI,TRX119945147,23-12-2023
460,16712530,NetBanking,TRX072399724,13-04-2024
499,493367.17,Cash,TRX652579458,26-10-2024
2201,1634727.97,Card,TRX241731528,15-11-2023
265,167615.61,UPI,TRX309207027,20-06-2025
1530,2912043.23,NetBanking,TRX040544793,02-04-2024
851,1710236.37,Cash,TRX186082356,31-10-2024
2724,21778781.43,Card,TRX776478379,19-05-2024
62,2605769.24,UPI,TRX280813565,26-03-2024
893,312590.04,NetBanking,TRX968714252,29-09-2023
2213,26299694.19,Cash,TRX913673106,21-10-2024
993,195320.53,Card,TRX254652157,21-04-2025
1318,151920.12,UPI,TRX456147108,05-04-2023
2689,5690937,NetBanking,TRX022780487,01-04-2025
568,8595844.8,Cash,TRX544675048,09-03-2024
805,168914.71,Card,TRX587406719,09-03-2024
2256,61659.72,UPI,TRX042779709,10-07-2024
2111,292243.72,NetBanking,TRX104302393,16-11-2023
413,610452.94,Cash,TRX974836872,29-04-2025
2697,2942122.68,Card,TRX928500739,13-10-2023
649,7083.54,UPI,TRX724246496,07-03-2024
925,22871400.35,NetBanking,TRX203781264,18-01-2023
1223,6086262.13,Cash,TRX290425666,09-09-2025
1342,1712240.39,Card,TRX094516974,04-08-2025
421,378602.99,UPI,TRX198390294,01-02-2025
2539,450259.59,NetBanking,TRX568676023,10-04-2025
429,502539.38,Cash,TRX260054065,15-06-2024
25,756243.72,Card,TRX089716836,24-06-2023
835,104829.29,UPI,TRX819678876,26-06-2025
2727,3009156.69,NetBanking,TRX123041061,16-07-2025
1026,5914688.19,Cash,TRX741059858,26-06-2023
434,173418.47,Card,TRX241796804,21-09-2024
211,3573119.13,UPI,TRX258019795,09-05-2025
1420,5344429.86,NetBanking,TRX018869304,26-12-2024
901,952960.72,Cash,TRX269469698,08-05-2023
2902,991949.46,Card,TRX363831140,26-07-2023
465,7272042.52,UPI,TRX973380398,15-11-2025
449,1676090.98,NetBanking,TRX781632994,11-02-2025
1853,40531.01,Cash,TRX514435747,04-05-2024
64,3933556.81,Card,TRX805182559,18-01-2024
1421,221459.62,UPI,TRX168657708,15-07-2025
2185,27542.67,NetBanking,TRX952811416,15-09-2024
828,2175814.44,Cash,TRX510894048,11-01-2024
2468,647341.26,Card,TRX296410670,04-12-2023
1989,14534.28,UPI,TRX288491435,17-06-2023
839,511358.31,NetBanking,TRX323774953,09-05-2025
1075,42030,Cash,TRX537411901,03-02-2024
2285,17537295.34,Card,TRX724488317,25-01-2023
1108,860092.38,UPI,TRX056080424,02-03-2023
1128,7553182.84,NetBanking,TRX117628058,16-10-2023
874,1340054.09,Cash,TRX008181052,30-11-2025
1284,183518.81,Card,TRX413189377,01-12-2023
2922,17278690.45,UPI,TRX193100313,18-04-2024
1691,1432397.82,NetBanking,TRX987803782,12-05-2024
2009,1351535.82,Cash,TRX366921184,05-10-2023
2108,2107040.09,Card,TRX361516605,06-11-2025
2331,44047.98,UPI,TRX561197787,26-09-2024
1494,1348150.08,NetBanking,TRX712570521,08-10-2025
2182,622486.06,Cash,TRX120319901,05-08-2025
770,1441993.99,Card,TRX543266285,09-06-2024
22,1729731.87,UPI,TRX811173641,11-07-2023
1558,298795.82,NetBanking,TRX800924236,08-10-2024
2740,307948.59,Cash,TRX394357561,23-07-2023
417,847540.35,Card,TRX574405377,21-03-2025
775,571686.88,UPI,TRX567087107,23-02-2023
2686,1895160.6,NetBanking,TRX349480536,30-04-2025
1830,6766525.15,Cash,TRX876782086,13-05-2023
1018,4672374.53,Card,TRX954938610,13-01-2024
2040,4308126.21,UPI,TRX120893349,03-10-2023
2152,260175.75,NetBanking,TRX024559232,01-11-2024
1263,1004737.91,Cash,TRX190168797,11-01-2025
1833,1507339.67,Card,TRX359702844,27-05-2024
189,10636547.58,UPI,TRX267745616,29-07-2025
2385,43706.26,NetBanking,TRX620309441,24-04-2023
2025,281392.46,Cash,TRX563889011,21-12-2024
1431,69135.42,Card,TRX495542969,23-12-2023
120,95882.04,UPI,TRX738254370,02-09-2023
1289,1322337.54,NetBanking,TRX901797862,22-11-2023
2082,752992.5,Cash,TRX517969507,13-11-2025
578,69080.83,Card,TRX485321170,12-12-2024
802,2143926.26,UPI,TRX445673294,29-09-2024
695,259356.26,NetBanking,TRX394800250,08-02-2024
2357,2531197.74,Cash,TRX233756462,06-12-2023
2259,597393.98,Card,TRX135885501,13-02-2024
1415,514358.53,UPI,TRX427315457,20-01-2024
2332,127643.28,NetBanking,TRX397413316,13-09-2023
794,8750950.56,Cash,TRX601736560,12-12-2023
1510,4611584.39,Card,TRX568268841,26-03-2025
2785,475585.42,UPI,TRX077189913,21-03-2023
1368,779789.84,NetBanking,TRX065720701,07-11-2025
508,2346568.18,Cash,TRX134297477,25-02-2023
2313,9444934.66,Card,TRX260934253,16-06-2023
1692,143759.53,UPI,TRX572257274,26-03-2023
2504,44893.47,NetBanking,TRX191080436,17-02-2024
1463,1138452.47,Cash,TRX989709982,23-08-2024
2451,3576174.32,Card,TRX428654135,21-02-2025
1829,1236459,UPI,TRX337994066,15-03-2025
2400,11038831.29,NetBanking,TRX272710963,18-06-2023
1162,1938990.23,Cash,TRX238967217,06-12-2024
2321,100366.82,Card,TRX940674575,28-09-2023
2553,2387520.22,UPI,TRX658351369,04-12-2025
2593,24754808.12,NetBanking,TRX948523867,28-01-2023
841,247216.95,Cash,TRX497982836,09-02-2025
1030,523617.38,Card,TRX400750087,27-03-2023
1614,11993679.2,UPI,TRX993610727,19-12-2024
1239,226485.79,NetBanking,TRX223904909,21-06-2024
181,101595.6,Cash,TRX605937380,31-12-2025
2057,4596429.77,Card,TRX170115572,04-06-2025
35,5200244.79,UPI,TRX752835091,23-01-2024
2576,11609130.15,NetBanking,TRX606343951,18-10-2024
1755,723838.1,Cash,TRX275925960,03-10-2023
2063,318396,Card,TRX976233051,20-02-2024
220,6332716.33,UPI,TRX971930719,20-05-2025
1913,50885.96,NetBanking,TRX203983723,05-02-2023
2514,9677773.76,Cash,TRX860146901,07-06-2024
400,1031774.25,Card,TRX440766475,11-08-2025
2015,72108.66,UPI,TRX584303503,05-05-2025
2630,730037.3,NetBanking,TRX085067334,13-05-2024
285,443020.96,Cash,TRX052967795,02-04-2023
2116,24281402.66,Card,TRX423830938,25-02-2025
1880,26011.51,UPI,TRX456841691,17-07-2023
2441,920615.08,NetBanking,TRX412547670,05-02-2024
1718,5416347.24,Cash,TRX934949520,20-07-2023
1664,1028809.5,Card,TRX874351703,16-12-2025
1190,2936109.74,UPI,TRX098294511,25-07-2024
2183,754325.75,NetBanking,TRX239225195,18-09-2023
2296,2513713.7,Cash,TRX530011350,02-12-2025
1920,10343356.62,Card,TRX427385973,12-01-2023
909,104674.85,UPI,TRX414850152,29-12-2024
745,791970.8,NetBanking,TRX788099860,13-11-2023
2667,1747547.95,Cash,TRX852892810,18-01-2025
428,11738354.18,Card,TRX535978285,22-11-2023
1685,222580.15,UPI,TRX511760202,30-07-2024
1049,382101.36,NetBanking,TRX662482326,17-04-2024
1786,468654.2,Cash,TRX095721939,06-05-2025
2581,307529.57,Card,TRX255813549,05-12-2025
1324,12013.44,UPI,TRX749602857,16-08-2025
1008,148043.19,NetBanking,TRX446943310,28-08-2025
164,403222.41,Cash,TRX675273355,08-08-2025
777,1898340.14,Card,TRX138192343,01-06-2023
1098,537697.83,UPI,TRX570921858,22-08-2025
2719,2696635.14,NetBanking,TRX927065746,08-11-2024
2333,1020108.28,Cash,TRX673874131,30-04-2025
1325,490205.18,Card,TRX135393278,28-11-2025
186,240320.12,UPI,TRX219639632,20-08-2025
1929,772145.04,NetBanking,TRX187622965,18-07-2024
2035,2435374.69,Cash,TRX553397844,02-10-2023
2198,5635633.78,Card,TRX598878850,09-06-2025
501,201536.74,UPI,TRX974259048,15-08-2025
1679,1470077.58,NetBanking,TRX282551467,22-06-2024
545,5809481.44,Cash,TRX248707648,06-05-2023
1952,1105460.14,Card,TRX510120638,30-05-2024
977,11718181.79,UPI,TRX791142762,05-06-2025
1507,1047874.15,NetBanking,TRX460244608,26-04-2024
2220,9195415.25,Cash,TRX242627797,31-08-2023
2733,4664707.52,Card,TRX499944591,03-03-2025
2586,738821.89,UPI,TRX324577121,07-03-2023
2127,206602.7,NetBanking,TRX051224006,05-01-2024
1959,24337.69,Cash,TRX859788804,18-05-2025
143,28383034.73,Card,TRX654307549,29-01-2025
2803,13990.32,UPI,TRX623901274,29-08-2025
2829,587101.87,NetBanking,TRX012790560,17-10-2024
1845,60289.14,Cash,TRX354899624,30-08-2025
668,1385752.86,Card,TRX126409017,26-08-2025
814,20072674.74,UPI,TRX487576888,24-01-2024
850,19872599.48,NetBanking,TRX917186081,25-03-2023
294,840722.84,Cash,TRX677351683,01-02-2024
645,174647.44,Card,TRX932025573,20-06-2023
926,5279634.59,UPI,TRX464868273,26-03-2025
1009,742038.95,NetBanking,TRX348690235,13-06-2025
607,2068263.31,Cash,TRX549889016,19-06-2023
1460,159851.54,Card,TRX985850279,30-07-2024
2178,2150696.08,UPI,TRX480426158,31-03-2025
1546,16199484.98,NetBanking,TRX635621580,22-03-2023
483,6821669.69,Cash,TRX962838668,06-02-2023
1816,49533,Card,TRX376005531,16-07-2023
1708,2282839.34,UPI,TRX161728623,12-02-2023
2459,1922814.69,NetBanking,TRX292108723,11-09-2024
1619,291043.55,Cash,TRX131102912,12-03-2024
84,942096.93,Card,TRX597220778,11-09-2025
2626,1286674.04,UPI,TRX533332036,20-10-2024
2274,135696,NetBanking,TRX285919628,27-09-2025
1877,910921.15,Cash,TRX168476252,06-12-2024
2452,120521.21,Card,TRX551663017,13-07-2025
320,947487.32,UPI,TRX675642310,20-10-2024
1458,7558504.44,NetBanking,TRX938944887,10-09-2024
108,2848481.94,Cash,TRX132704938,13-01-2024
59,259509.23,Card,TRX452340192,02-09-2025
1862,15111112.52,UPI,TRX768390036,10-12-2023
2401,14903555.02,NetBanking,TRX912841116,30-11-2025
1697,134736.45,Cash,TRX184743025,19-07-2025
1285,640998.41,Card,TRX025094907,24-06-2024
2232,210352.66,UPI,TRX460043405,01-09-2025
2171,5197805.85,NetBanking,TRX717162676,01-09-2024
2121,12454271.94,Cash,TRX150237000,11-01-2024
2157,1608150.48,Card,TRX888933507,24-12-2024
1447,371601.69,UPI,TRX175859574,21-10-2025
2302,102304.94,NetBanking,TRX214913734,17-05-2023
1866,123005.75,Cash,TRX760522249,22-06-2024
676,51873.12,Card,TRX872952147,11-01-2025
153,40057.87,UPI,TRX750206268,18-02-2023
778,662666.38,NetBanking,TRX148138860,05-03-2023
214,2218904.14,Cash,TRX890045328,21-10-2024
2839,2897284.07,Card,TRX030288399,10-03-2023
1753,2034376.61,UPI,TRX687528750,13-10-2023
1170,403396.08,NetBanking,TRX172197291,23-11-2024
2370,3544247.01,Cash,TRX634246374,03-08-2024
1951,571991.7,Card,TRX121014160,04-09-2023
1203,356413.62,UPI,TRX339826200,25-10-2024
1915,8908366.58,NetBanking,TRX680628684,27-04-2023
2567,28978.18,Cash,TRX872457234,26-01-2023
840,8478551.9,Card,TRX444126621,13-12-2023
2109,325408.15,UPI,TRX628402482,01-06-2025
1378,657480.59,NetBanking,TRX812518634,15-04-2025
3,14885274.69,Cash,TRX255342323,22-12-2025
1038,4824264.91,Card,TRX077466218,10-10-2025
324,4193.98,UPI,TRX620199792,27-01-2023
2273,4519635,NetBanking,TRX922952095,06-07-2024
921,760001.7,Cash,TRX056245545,29-10-2025
1227,1397.4,Card,TRX605660870,31-07-2023
2745,1424005.48,UPI,TRX981064427,31-10-2024
1923,75168.28,NetBanking,TRX602436147,08-11-2025
1780,3574012.46,Cash,TRX279051538,05-12-2023
1126,642996.81,Card,TRX091807533,08-04-2023
1295,629139.29,UPI,TRX082717235,20-01-2024
2965,14636142.38,NetBanking,TRX942246637,15-04-2024
1217,921172.61,Cash,TRX262277766,21-04-2023
1249,1994504,Card,TRX343019286,15-11-2023
2741,34339.44,UPI,TRX090221093,20-09-2025
868,1160507.72,NetBanking,TRX654770665,13-12-2024
418,288862.96,Cash,TRX613082167,21-12-2024
1870,7010260.83,Card,TRX665165958,01-05-2024
2676,1323,UPI,TRX242440465,25-12-2024
1229,4400507.51,NetBanking,TRX903361924,11-08-2024
407,1441388.87,Cash,TRX326515772,24-08-2023
2244,10745980.91,Card,TRX777780719,16-12-2025
387,1011356.66,UPI,TRX003968360,11-11-2025
2597,506613.11,NetBanking,TRX029171225,08-02-2024
2005,200270.88,Cash,TRX647303791,10-11-2024
2716,2883308.6,Card,TRX911393930,18-01-2023
39,102091.32,UPI,TRX467878495,21-09-2025
2531,692950.17,NetBanking,TRX701768985,03-06-2023
1477,5602359,Cash,TRX287816010,28-03-2023
2306,9940.92,Card,TRX488242368,24-11-2025
2977,456065.19,UPI,TRX981837349,22-11-2024
1837,4767225.91,NetBanking,TRX659684050,16-05-2023
1569,24030.61,Cash,TRX782965995,11-10-2023
2559,2322945.41,Card,TRX687988217,13-08-2023
2674,1656573.1,UPI,TRX466726374,23-06-2025
793,156220.69,NetBanking,TRX409884970,12-09-2025
608,1116418.3,Cash,TRX876235614,14-04-2023
702,105955.44,Card,TRX389532367,19-07-2025
2726,3137177.45,UPI,TRX103355921,14-01-2023
2988,1704326.24,NetBanking,TRX803131122,24-12-2024
126,2536633.37,Cash,TRX094824692,19-07-2024
2230,355135.86,Card,TRX031423427,28-05-2024
1620,737963.87,UPI,TRX360941538,02-11-2025
1570,4431406.3,NetBanking,TRX982508265,18-07-2025
476,16238.05,Cash,TRX952643790,14-05-2024
2156,1159227.4,Card,TRX237490787,19-12-2023
1887,996951.39,UPI,TRX701634488,30-09-2024
1146,13485.15,NetBanking,TRX025645122,10-09-2023
1544,182882.61,Cash,TRX215628554,01-07-2025
1632,2421990.66,Card,TRX157001048,20-11-2024
224,361302.83,UPI,TRX063133645,15-11-2025
1210,7663858.19,NetBanking,TRX094036796,16-03-2023
719,4005376.81,Cash,TRX662437946,26-06-2024
2975,83022.24,Card,TRX842750149,03-06-2024
756,41661.76,UPI,TRX052220555,04-04-2025
318,1754356.12,NetBanking,TRX412294763,13-09-2025
1665,1035917.97,Cash,TRX799498940,14-07-2025
933,209571.24,Card,TRX990133534,19-12-2025
647,52917.85,UPI,TRX251778303,09-12-2025
1296,8257599.82,NetBanking,TRX556419632,16-04-2025
593,1759665.46,Cash,TRX340544594,07-05-2023
2087,8179804.8,Card,TRX354896396,29-11-2025
293,430980.22,UPI,TRX138657530,24-02-2024
1808,5594261.05,NetBanking,TRX717717861,29-03-2024
1120,377646.85,Cash,TRX476424729,03-07-2025
2659,1157328,Card,TRX456438253,02-05-2024
495,7830442.47,UPI,TRX112707461,04-06-2024
154,1052993.57,NetBanking,TRX126454899,20-11-2023
1257,5136788.7,Cash,TRX036980966,22-07-2025
657,221682.5,Card,TRX018927075,15-07-2025
1645,674258.28,UPI,TRX090352562,27-09-2024
1306,238140.78,NetBanking,TRX300117147,18-09-2024
474,2330747.38,Cash,TRX199808173,22-05-2024
1961,3333533.76,Card,TRX103248996,27-06-2024
2969,177163.92,UPI,TRX621287050,09-01-2023
748,1684807.44,NetBanking,TRX320896183,15-05-2024
1910,11550113.73,Cash,TRX674281702,10-07-2025
1847,406301.84,Card,TRX299759657,06-12-2024
1700,181754.92,UPI,TRX383126585,07-10-2025
351,829703.05,NetBanking,TRX847547110,04-04-2025
1791,108372.81,Cash,TRX766969739,06-11-2024
1810,394224.6,Card,TRX244801479,06-02-2023
1733,138905.8,UPI,TRX507489531,24-10-2023
2318,308036.96,NetBanking,TRX864617372,25-07-2025
970,464581,Cash,TRX500200120,15-03-2025
1974,1055756.05,Card,TRX172773843,30-11-2023
2722,3469010.77,UPI,TRX954419487,16-05-2023
2979,973188.14,NetBanking,TRX639890318,10-01-2025
1856,962717.3,Cash,TRX337626773,31-08-2025
2685,296780.87,Card,TRX873562286,29-07-2024
2314,191482.8,UPI,TRX713892346,16-12-2025
2819,8617356.25,NetBanking,TRX785246675,28-05-2024
1627,2975377.36,Cash,TRX034956457,31-08-2023
2037,987575.36,Card,TRX932214680,01-03-2025
2556,15633851.3,UPI,TRX522767207,20-01-2023
2053,71835.02,NetBanking,TRX006345778,10-11-2023
1272,1134940.71,Cash,TRX350785418,25-05-2024
1563,11365519.56,Card,TRX679469730,28-08-2025
180,979679.38,UPI,TRX901838996,02-11-2025
1567,14681627.73,NetBanking,TRX612443604,16-01-2025
967,1000793.44,Cash,TRX720386157,03-11-2025
1219,622572.14,Card,TRX010255620,11-04-2024
1827,11707908.83,UPI,TRX570926172,15-03-2024
626,3293.39,NetBanking,TRX945182803,28-04-2023
263,732536.41,Cash,TRX655037737,07-09-2024
836,1006730.67,Card,TRX523085631,19-06-2023
784,1665020.45,UPI,TRX003745965,12-03-2024
1571,25452930.38,NetBanking,TRX930781240,10-03-2025
470,69576.66,Cash,TRX159976224,05-12-2025
780,130865.28,Card,TRX486258798,08-10-2024
1565,7235893.43,UPI,TRX600424739,23-11-2024
2018,2566866.51,NetBanking,TRX339921330,11-02-2024
2034,12314414.64,Cash,TRX031117556,03-09-2025
1668,262931.19,Card,TRX974116177,12-03-2023
2878,769337.76,UPI,TRX592818561,18-10-2023
577,927810.74,NetBanking,TRX996572830,03-08-2023
1301,111167.2,Cash,TRX385182273,17-03-2024
2768,45540.42,Card,TRX292315610,13-03-2023
328,102158.28,UPI,TRX393030460,19-08-2025
1057,254877.49,NetBanking,TRX185644040,03-10-2023
717,745250.63,Cash,TRX013633880,04-08-2025
525,32855.31,Card,TRX362209328,08-02-2025
2506,19496.28,UPI,TRX874568829,03-06-2024
634,746950.83,NetBanking,TRX673822345,23-12-2024
2580,2325011.95,Cash,TRX924232198,18-01-2023
210,100359.86,Card,TRX406576543,29-01-2024
1938,26491440.37,UPI,TRX107642430,07-05-2024
2225,48569.88,NetBanking,TRX683633687,12-08-2025
710,1004649.17,Cash,TRX448867040,27-01-2024
2374,2609.88,Card,TRX112776629,24-08-2023
1016,835192.85,UPI,TRX038763385,11-05-2024
2703,17298893.85,NetBanking,TRX685221339,08-12-2025
2530,3984062.38,Cash,TRX084883538,26-05-2023
1015,107644.1,Card,TRX939586503,13-03-2023
2766,154113.34,UPI,TRX324242894,04-03-2024
954,720768.05,NetBanking,TRX964000109,18-10-2025
2440,288865.98,Cash,TRX219600279,18-08-2024
2032,752734.03,Card,TRX135872581,11-08-2023
796,202435.84,UPI,TRX217308103,28-06-2024
2145,4127730.04,NetBanking,TRX216445287,12-10-2024
1281,2950088.73,Cash,TRX132027306,14-12-2025
2398,411172.47,Card,TRX838175696,28-11-2025
1896,1001537.51,UPI,TRX609394692,14-01-2024
1247,3383547.8,NetBanking,TRX346803338,14-03-2025
531,4136291.13,Cash,TRX777899091,20-12-2025
2731,1259580.09,Card,TRX857305538,03-06-2023
2453,1569328.25,UPI,TRX401680591,05-07-2024
297,36499568.92,NetBanking,TRX347642755,27-11-2025
686,9390.32,Cash,TRX439302438,21-05-2024
1658,6164521.3,Card,TRX895217327,07-06-2023
1622,928356.97,UPI,TRX523115411,21-03-2023
303,109510.4,NetBanking,TRX895267778,10-03-2024
1261,6176167.96,Cash,TRX355246997,10-11-2023
1406,14307257.98,Card,TRX292283453,04-04-2024
1741,1363017.32,UPI,TRX931129371,07-02-2023
2854,916928.37,NetBanking,TRX621178569,15-07-2024
233,324454.96,Cash,TRX392373694,21-11-2024
1149,350902.47,Card,TRX190623863,26-05-2025
2549,888829.97,UPI,TRX676293260,05-06-2023
2570,37876.36,NetBanking,TRX626012329,07-08-2024
1370,5720978.02,Cash,TRX931039992,22-10-2025
1115,5887582.6,Card,TRX366978879,03-04-2025
89,10344031.94,UPI,TRX230781513,19-04-2024
1993,6201.96,NetBanking,TRX367819527,06-07-2023
2781,605379.2,Cash,TRX112346321,02-10-2024
723,547048.64,Card,TRX409309633,31-12-2024
1345,2302417.3,UPI,TRX838621342,31-01-2024
2678,1577473.51,NetBanking,TRX377066578,30-03-2024
2668,11233459.46,Cash,TRX265968070,04-04-2024
155,1555904.93,Card,TRX848685058,03-03-2023
1513,15288417.86,UPI,TRX601300547,02-02-2025
884,47896.44,NetBanking,TRX374543429,16-08-2024
1871,10889888.03,Cash,TRX140166866,01-04-2023
2950,28865720.96,Card,TRX209334617,02-10-2024
953,505039.06,UPI,TRX659632600,02-08-2023
609,13100044.3,NetBanking,TRX834756789,21-05-2023
416,118088.8,Cash,TRX491459209,26-10-2025
1286,253408.12,Card,TRX900656226,23-01-2025
195,233659.72,UPI,TRX705701793,25-08-2023
1529,98048.74,NetBanking,TRX510082174,10-09-2023
2507,2276824.74,Cash,TRX883097423,29-06-2025
2673,859011.02,Card,TRX835089952,09-07-2024
2924,5686705.77,UPI,TRX722031120,30-08-2023
1744,609757.08,NetBanking,TRX850738336,13-12-2024
2315,3972156.73,Cash,TRX345506453,23-07-2023
2994,13060412.82,Card,TRX860947279,24-10-2023
1047,954245.39,UPI,TRX624012036,25-12-2025
2036,1038312.57,NetBanking,TRX051315454,22-05-2024
2789,635988.38,Cash,TRX714068558,28-09-2023
2620,4459631.69,Card,TRX724492691,09-02-2024
2320,141817.87,UPI,TRX220012870,08-10-2023
2195,508778.43,NetBanking,TRX094016167,20-02-2024
892,1707974.17,Cash,TRX226290911,19-11-2024
1083,251983.14,Card,TRX144409670,25-10-2024
2421,7017326.68,UPI,TRX657823648,16-07-2024
1949,1964491.62,NetBanking,TRX867811454,01-12-2025
1675,2817660.04,Cash,TRX864140542,14-04-2024
1888,1179612.78,Card,TRX799170707,29-11-2025
1356,2615957.5,UPI,TRX149328249,22-04-2025
2677,7403066.25,NetBanking,TRX988121860,08-09-2024
994,192508.74,Cash,TRX083214015,06-07-2025
1099,1411305.2,Card,TRX552707387,14-05-2025
2923,11192.04,UPI,TRX292198693,02-02-2023
2778,385322.02,NetBanking,TRX691836674,26-12-2023
2323,2226402.74,Cash,TRX399895377,17-04-2023
865,196967.27,Card,TRX454627642,29-04-2024
2257,1541131.46,UPI,TRX911993019,04-08-2023
2824,444103.18,NetBanking,TRX550851152,23-02-2024
962,18567117.92,Cash,TRX285856408,31-05-2025
178,8659.56,Card,TRX781214519,02-06-2025
795,304733.54,UPI,TRX330727096,30-08-2024
809,1825127.5,NetBanking,TRX616249792,10-12-2025
8,1557744,Cash,TRX883317449,26-03-2025
1690,8704041.9,Card,TRX981688535,26-04-2025
1556,2287174.95,UPI,TRX518150561,15-05-2025
370,779756.45,NetBanking,TRX519574301,15-12-2024
2377,6637718.67,Cash,TRX291198412,06-12-2023
684,151360.51,Card,TRX423250657,10-08-2023
2957,2373712.91,UPI,TRX334238508,15-03-2024
1135,356186.16,NetBanking,TRX946356975,22-08-2024
1156,4864733.92,Cash,TRX264559207,15-03-2025
1935,1887680.13,Card,TRX822923819,07-05-2025
396,856456.91,UPI,TRX750481493,29-05-2025
1395,5739064.68,NetBanking,TRX244112610,10-02-2023
2565,3359381.92,Cash,TRX483924035,14-02-2025
1472,289016.55,Card,TRX622581318,08-08-2023
2076,382048.48,UPI,TRX324437142,15-03-2023
2525,89873.72,NetBanking,TRX567006351,08-12-2024
2356,68110.46,Cash,TRX143162056,16-08-2025
1234,2270135.42,Card,TRX490597085,27-05-2023
2308,3097657.31,UPI,TRX136743480,17-09-2024
2830,1410774.03,NetBanking,TRX728794769,21-02-2023
2097,128084.24,Cash,TRX784508363,08-04-2025
1056,43907619.08,Card,TRX928434082,11-06-2024
2435,6547.97,UPI,TRX639613246,29-12-2025
916,11686239,NetBanking,TRX047571187,20-11-2024
114,644294.61,Cash,TRX013110276,26-01-2025
2996,8458023.02,Card,TRX732222141,21-04-2023
1299,25274.62,UPI,TRX155872903,21-12-2025
2247,109402.21,NetBanking,TRX984883790,22-01-2023
2571,2821.8,Cash,TRX163170046,09-05-2025
98,220361.79,Card,TRX289708917,31-07-2023
2833,15114120.95,UPI,TRX473930991,19-11-2023
1488,427630.02,NetBanking,TRX941136502,28-02-2023
2542,8643.96,Cash,TRX271569855,10-02-2024
2650,6077012.08,Card,TRX306037911,24-07-2024
1132,11487087.9,UPI,TRX084129865,17-07-2025
2612,1856861.74,NetBanking,TRX238967923,13-02-2024
763,173467.01,Cash,TRX037718838,02-10-2023
306,1886869.76,Card,TRX875408039,09-02-2025
1809,191192.04,UPI,TRX380257906,23-02-2023
338,32846.4,NetBanking,TRX596754818,09-09-2023
1066,403063.58,Cash,TRX427779630,21-05-2025
358,9035.79,Card,TRX760284918,07-12-2025
2336,633998.28,UPI,TRX025971129,13-03-2025
412,37508.43,NetBanking,TRX215973856,16-09-2025
26,576648.5,Cash,TRX932367694,31-07-2024
950,536445.14,Card,TRX301158663,30-06-2023
564,106543.59,UPI,TRX786517817,02-04-2025
1168,2224634.77,NetBanking,TRX723001825,06-04-2023
1960,343869.05,Cash,TRX160306537,31-01-2023
1260,3098379.62,Card,TRX104328434,02-10-2024
232,542443.69,UPI,TRX259807941,01-09-2023
77,562322.49,NetBanking,TRX949818319,10-08-2024
1916,173240.07,Cash,TRX747000682,08-12-2024
131,26783.17,Card,TRX235848204,11-06-2023
310,1509229.25,UPI,TRX720453782,16-10-2023
37,9924636.61,NetBanking,TRX649825177,06-09-2024
1962,5467565.28,Cash,TRX823484989,17-11-2023
1624,280909.51,Card,TRX519091672,06-02-2024
2454,157255.29,UPI,TRX475716600,27-12-2025
1821,9267296.3,NetBanking,TRX447534070,11-06-2025
1609,367438.11,Cash,TRX325643910,30-09-2025
353,3153209.16,Card,TRX443316876,21-08-2023
834,16513680.05,UPI,TRX061508561,14-09-2024
831,624507.79,NetBanking,TRX211888116,02-12-2023
813,355724.61,Cash,TRX199886675,10-06-2025
2861,555882.24,Card,TRX755716046,12-09-2024
1164,841541.4,UPI,TRX517065213,13-09-2023
1298,13401170.75,NetBanking,TRX069913399,11-01-2025
574,10205264.04,Cash,TRX741758970,07-05-2023
225,6453.2,Card,TRX459264570,29-02-2024
333,28586.85,UPI,TRX023047924,30-06-2025
1496,56645.82,NetBanking,TRX333278527,13-07-2023
2263,646837.36,Cash,TRX734256017,11-12-2025
1446,2846266.9,Card,TRX566008323,16-02-2024
174,570372.09,UPI,TRX679984844,15-07-2025
2863,277210.44,NetBanking,TRX258686615,02-09-2023
1375,220770.72,Cash,TRX428985763,28-12-2023
134,2596532.44,Card,TRX004970007,22-02-2023
891,2341790.31,UPI,TRX944225845,29-11-2024
1430,891420.17,NetBanking,TRX151195303,07-04-2024
2508,50128.32,Cash,TRX366422255,24-01-2024
1419,900899.12,Card,TRX758454319,15-04-2023
2467,3734115.71,UPI,TRX369347324,02-10-2025
2619,948484.27,NetBanking,TRX138885179,18-11-2024
2616,645725.93,Cash,TRX431581206,14-03-2023
1790,9051727.79,Card,TRX424116204,05-12-2024
975,689587.97,UPI,TRX661305118,11-10-2025
1802,9551251.4,NetBanking,TRX778313315,16-03-2023
2558,400280.98,Cash,TRX453472225,01-01-2025
102,59531.03,Card,TRX563061363,15-03-2025
2064,1020913.09,UPI,TRX603641977,02-04-2024
1292,8783639.88,NetBanking,TRX660018673,07-06-2023
2283,234507.98,Cash,TRX298349843,04-10-2025
2090,139366.94,Card,TRX817482644,08-09-2025
533,238732.48,UPI,TRX335070894,18-03-2025
915,1474645.92,NetBanking,TRX258026294,19-02-2025
979,4038007.8,Cash,TRX032289529,26-02-2024
1901,4925005.74,Card,TRX815350724,30-11-2024
2328,1382989.15,UPI,TRX976469660,24-09-2023
2103,5756245.64,NetBanking,TRX456932123,06-05-2025
871,460311.64,Cash,TRX120035717,26-07-2025
1410,746977.1,Card,TRX461205029,04-03-2024
1758,154702.73,UPI,TRX462980892,24-07-2023
704,1569846.9,NetBanking,TRX084332956,14-01-2023
2775,427002.63,Cash,TRX149426984,20-05-2025
1559,4152737.04,Card,TRX081484407,20-08-2024
2042,8872493.48,UPI,TRX857310005,06-02-2024
2563,710849.24,NetBanking,TRX218109483,26-07-2023
1909,2830859.61,Cash,TRX859739524,03-03-2023
618,2861976.11,Card,TRX203355334,31-05-2024
1851,323855.28,UPI,TRX363223695,03-09-2025
1080,106372.93,NetBanking,TRX909477560,06-11-2024
2046,1399065.72,Cash,TRX247552528,24-10-2025
140,3601936.82,Card,TRX331339243,23-06-2025
2031,7617954.41,UPI,TRX954583874,09-09-2025
137,61758.72,NetBanking,TRX638863024,08-08-2023
392,215514.88,Cash,TRX358328276,20-12-2023
2399,386940.06,Card,TRX123499525,24-10-2023
1972,56831.04,UPI,TRX095014100,26-02-2023
1515,5099904.34,NetBanking,TRX083397534,07-01-2025
1736,3454627.3,Cash,TRX463947178,21-12-2025
2931,4872505.09,Card,TRX886798494,07-06-2025
671,3824590.71,UPI,TRX558620120,02-01-2026
580,1443641.21,NetBanking,TRX538907433,15-09-2025
1131,13348641.49,Cash,TRX974754682,06-12-2025
2460,3570110.78,Card,TRX630237196,29-07-2024
742,688763.28,UPI,TRX321518804,27-05-2023
2623,689848.89,NetBanking,TRX711765660,28-10-2023
1964,10527016.66,Cash,TRX055368419,10-03-2024
2771,30540.43,Card,TRX021372342,08-05-2025
1158,1630020.01,UPI,TRX570344337,20-04-2023
184,8074289.54,NetBanking,TRX607052991,08-06-2025
87,4936654.59,Cash,TRX387219970,17-10-2023
753,762766.61,Card,TRX002395200,02-12-2025
2723,61821.02,UPI,TRX950628929,26-01-2024
1300,586028.39,NetBanking,TRX572239187,28-04-2023
550,825331.47,Cash,TRX881062041,04-01-2023
394,23686.28,Card,TRX019448897,20-10-2024
2407,519243.32,UPI,TRX297098211,21-01-2023
272,56095.59,NetBanking,TRX176026586,12-09-2025
867,5091828.62,Cash,TRX619571306,17-11-2023
2414,84388.49,Card,TRX666013196,13-03-2024
2870,243805.55,UPI,TRX059888773,16-07-2023
554,5823510.84,NetBanking,TRX530810402,12-07-2025
2846,80402.88,Cash,TRX404571240,03-05-2024
2595,1950663.31,Card,TRX427388835,28-02-2024
424,3390658.44,UPI,TRX515973187,09-03-2023
2438,8599178.93,NetBanking,TRX535938439,11-09-2023
2094,128329.58,Cash,TRX323353198,29-11-2023
2758,808009.15,Card,TRX397524269,12-09-2025
1612,9661561.85,UPI,TRX910138592,12-12-2024
1854,3960097.08,NetBanking,TRX902826620,22-02-2025
509,4540732.05,Cash,TRX491203543,26-03-2023
1366,64673.04,Card,TRX138328376,01-09-2025
2423,98856.07,UPI,TRX738217556,12-11-2024
156,14210716.14,NetBanking,TRX076368713,14-10-2024
1067,94863.98,Cash,TRX779970871,06-02-2025
1599,257046,Card,TRX963240227,30-01-2023
2392,15344.4,UPI,TRX915184391,12-01-2024
2463,3362.56,NetBanking,TRX320201843,01-10-2025
641,243768.03,Cash,TRX110002948,01-06-2025
475,128538.71,Card,TRX053401573,02-07-2023
2783,505739.77,UPI,TRX363391371,15-07-2023
1475,1054904.64,NetBanking,TRX116675288,24-07-2023
2981,60490.76,Cash,TRX801295420,18-04-2025
1235,3915300.42,Card,TRX787304483,16-02-2025
1604,1848967.2,UPI,TRX479790471,18-10-2023
1872,1474430.01,NetBanking,TRX869799089,18-05-2023
117,347313.63,Cash,TRX516134470,29-08-2023
2523,78372,Card,TRX306372762,22-11-2024
257,1246785.92,UPI,TRX052311817,18-09-2023
40,1101723.25,NetBanking,TRX042814648,08-04-2023
2394,30730084.2,Cash,TRX207881885,07-01-2025
1485,23281.4,Card,TRX851828503,27-06-2023
2657,18549871.08,UPI,TRX305223013,14-10-2023
1637,490948.49,NetBanking,TRX497979421,26-10-2024
2300,77009.05,Cash,TRX337204324,09-10-2024
2984,61595.2,Card,TRX056018358,09-03-2023
2115,681789.41,UPI,TRX890201112,14-07-2023
1519,8875346.25,NetBanking,TRX911303390,08-11-2024
914,344496.05,Cash,TRX221532810,18-05-2025
728,35904368.29,Card,TRX110508475,22-09-2023
2993,2886481.01,UPI,TRX615513766,18-06-2023
1119,26729.82,NetBanking,TRX059599684,31-03-2025
506,2610540.63,Cash,TRX404621927,25-05-2024
1501,914544.18,Card,TRX442748243,05-11-2023
331,1323137.34,UPI,TRX715662979,15-06-2025
913,2882515.72,NetBanking,TRX316301380,18-07-2023
2655,833804.64,Cash,TRX589166731,18-05-2025
1468,23256058.83,Card,TRX560887712,21-06-2023
2291,1011264.89,UPI,TRX909052040,10-10-2023
2146,10270948.02,NetBanking,TRX688889250,04-03-2023
2867,534748.21,Cash,TRX008361691,05-09-2023
2071,6087849.59,Card,TRX175567438,13-07-2024
1464,188082.89,UPI,TRX158487220,30-06-2023
1461,6813376.06,NetBanking,TRX364677571,18-12-2023
1525,4262309.14,Cash,TRX358411740,24-11-2025
2735,6654376.51,Card,TRX012265922,24-02-2024
2821,2419589.51,UPI,TRX698575467,02-04-2025
2765,27490.5,NetBanking,TRX216969514,29-02-2024
2910,7568231.33,Cash,TRX271724004,03-09-2025
466,120365.6,Card,TRX317450491,29-03-2023
201,48055.16,UPI,TRX011711254,29-09-2023
2853,574462.9,NetBanking,TRX981939222,31-03-2024
1617,15547402.68,Cash,TRX932934631,21-09-2023
2176,42558.99,Card,TRX717516766,14-09-2025
1201,27277.25,UPI,TRX922043802,21-06-2023
2059,19042.81,NetBanking,TRX255856598,10-03-2023
2734,1004889.04,Cash,TRX087150742,06-02-2025
749,924916.04,Card,TRX590746720,26-02-2025
2307,309769.54,UPI,TRX398015312,29-10-2025
1843,955144.3,NetBanking,TRX350392594,29-08-2024
1058,776656.72,Cash,TRX865247451,20-11-2023
2618,2524320.55,Card,TRX144466019,06-01-2023
2524,3804284.5,UPI,TRX619454214,16-10-2024
1213,17634.1,NetBanking,TRX685537670,29-09-2023
873,1080599.16,Cash,TRX455000281,20-10-2023
1803,39687.23,Card,TRX662875019,09-11-2023
1505,506022.61,UPI,TRX382868552,06-02-2025
414,1295854.68,NetBanking,TRX639032095,08-10-2023
1311,116062.6,Cash,TRX848490174,24-07-2025
1053,4149039.87,Card,TRX556057074,28-12-2024
1452,4776677.79,UPI,TRX908735825,30-03-2024
2917,314540.87,NetBanking,TRX358266682,12-09-2023
735,3761526.36,Cash,TRX734085250,06-06-2024
2774,3930673.71,Card,TRX039437752,05-06-2023
2672,23867447.25,UPI,TRX230309152,04-05-2025
166,66977.35,NetBanking,TRX529901776,17-03-2023
1813,2145357.47,Cash,TRX662076394,10-11-2025
1846,1263794.48,Card,TRX373663776,23-05-2024
1648,12637.97,UPI,TRX216936781,24-07-2024
2045,6458258.02,NetBanking,TRX622110175,20-01-2025
2529,1389461.68,Cash,TRX705908360,18-01-2025
410,9598271.21,Card,TRX701814876,17-01-2023
2211,1554275.31,UPI,TRX466202063,30-06-2023
2189,2460779.77,NetBanking,TRX495154015,28-01-2024
2011,631380.51,Cash,TRX085491051,03-09-2023
381,2843603.35,Card,TRX330188372,28-07-2024
2044,410150.14,UPI,TRX416654368,27-08-2025
193,395003.14,NetBanking,TRX240424426,24-09-2023
1435,1207825.17,Cash,TRX018017523,17-11-2023
1769,466064.01,Card,TRX508079681,04-04-2023
709,11891323.17,UPI,TRX397943618,28-09-2024
47,2267382.74,NetBanking,TRX766366471,11-05-2023
2180,297790.27,Cash,TRX805256074,26-10-2025
177,9511487.76,Card,TRX260210645,21-01-2023
727,1475867.74,UPI,TRX203352989,11-10-2023
2665,10088471.69,NetBanking,TRX110224660,19-12-2023
2430,2322865.45,Cash,TRX306249725,27-11-2025
2001,8267165.11,Card,TRX882132111,09-09-2025
2856,1592361.54,UPI,TRX739714917,10-09-2023
1405,99860.41,NetBanking,TRX610403165,29-01-2023
2101,412269.75,Cash,TRX347938653,04-01-2024
1276,115995,Card,TRX262281781,10-10-2023
2710,626199.97,UPI,TRX108427766,01-09-2025
2849,301583.04,NetBanking,TRX283833017,13-11-2024
1117,3898650.08,Cash,TRX707930903,21-10-2025
110,604058.04,Card,TRX703620160,07-10-2024
145,2981312.01,UPI,TRX826427540,05-03-2024
485,5482540.33,NetBanking,TRX244707946,09-09-2025
1081,1305257.06,Cash,TRX767666372,26-10-2024
1388,1626819.52,Card,TRX251466311,17-08-2023
2976,114707.04,UPI,TRX120694320,09-01-2024
2763,6293631.37,NetBanking,TRX668285558,17-05-2025
2915,1188788.45,Cash,TRX000396151,24-11-2023
2106,411001.74,Card,TRX131911264,20-03-2024
1453,6634438.15,UPI,TRX678513224,15-09-2025
2818,225129.63,NetBanking,TRX657176678,05-07-2024
341,114951.68,Cash,TRX408364927,07-10-2025
2017,64267.8,Card,TRX385351108,23-01-2024
1506,13460757.42,UPI,TRX315124696,25-04-2025
2747,62231.25,NetBanking,TRX224152472,25-04-2023
2241,15343447.25,Cash,TRX750012807,02-01-2024
170,80585.44,Card,TRX283845888,15-07-2025
712,25037.12,UPI,TRX112051087,19-02-2025
1696,447936.28,NetBanking,TRX786979093,16-08-2024
513,612185.71,Cash,TRX223370926,15-05-2025
101,727545.38,Card,TRX735589729,14-11-2025
2170,39548.78,UPI,TRX950194722,10-07-2023
1824,38320550.61,NetBanking,TRX496737417,01-06-2025
1575,3083876.36,Cash,TRX336805624,21-06-2023
415,17864990.83,Card,TRX154075941,02-06-2023
2131,1810376.23,UPI,TRX120797801,25-03-2025
1365,275246.97,NetBanking,TRX155501850,04-06-2024
1376,13420373.52,Cash,TRX619826881,26-09-2024
689,7943663,Card,TRX561377703,25-04-2024
2272,769489.74,UPI,TRX252785152,20-06-2023
522,21741.06,NetBanking,TRX067839808,06-04-2024
674,39672.22,Cash,TRX481262177,11-11-2024
1806,6062.68,Card,TRX531713685,11-12-2023
630,117705.8,UPI,TRX687373765,22-08-2023
575,3347087.8,NetBanking,TRX123439509,25-09-2025
1723,478074.05,Cash,TRX484689028,07-07-2024
1704,7945718.68,Card,TRX203516444,24-12-2024
2496,10322396.25,UPI,TRX021423684,01-07-2023
401,1171576.69,NetBanking,TRX519430323,10-11-2023
2043,6999072.22,Cash,TRX934434522,08-05-2025
2061,1284163.12,Card,TRX792287419,27-11-2024
1701,639378.08,UPI,TRX871561750,16-12-2024
1483,254867.83,NetBanking,TRX745198261,04-08-2023
739,614144.27,Cash,TRX685823917,10-05-2024
2613,2717912.55,Card,TRX486589456,19-03-2025
1094,895073.67,UPI,TRX338483097,09-07-2023
1110,4245449.67,NetBanking,TRX674626008,14-05-2024
1743,109099.16,Cash,TRX861810574,16-11-2023
716,22557508.75,Card,TRX336845988,18-09-2023
897,12157683.93,UPI,TRX470349098,23-02-2025
543,8089282.23,NetBanking,TRX351559620,29-01-2024
1130,6547616.08,Cash,TRX977993879,23-06-2025
1440,796578.15,Card,TRX265103721,16-11-2024
687,1571728.62,UPI,TRX908525991,18-08-2023
2848,561933.19,NetBanking,TRX162080106,22-06-2023
2136,1309037.17,Cash,TRX788475565,21-12-2023
2245,7476915.37,Card,TRX283308866,02-05-2023
2662,2954039.65,UPI,TRX023673597,09-06-2024
2663,409147.86,NetBanking,TRX147004689,20-11-2025
2294,378588.73,Cash,TRX950862867,25-05-2025
2728,878990.57,Card,TRX851189635,04-12-2023
288,18711808.77,UPI,TRX976013969,10-04-2025
2324,1458212.95,NetBanking,TRX166248203,02-05-2024
21,78943.41,Cash,TRX948320233,25-01-2025
2119,25969805.76,Card,TRX482433208,18-08-2024
622,333845.52,UPI,TRX625196667,18-03-2023
1814,812520.08,NetBanking,TRX950516720,14-02-2023
1765,105970.44,Cash,TRX727730957,20-05-2025
1027,345040.63,Card,TRX981783083,11-06-2023
1479,6451872.82,UPI,TRX783078166,19-02-2023
1593,6646898.37,NetBanking,TRX507104638,28-01-2025
1832,572122.46,Cash,TRX211714471,31-01-2023
2880,598762.77,Card,TRX027296450,29-04-2025
2893,939844.12,UPI,TRX791424853,10-02-2025
151,4380620.04,NetBanking,TRX368402157,17-09-2023
1346,650321.69,Cash,TRX424121524,17-08-2024
620,72315.18,Card,TRX214110499,21-01-2024
2753,392064.66,UPI,TRX276425549,22-01-2024
2717,7732888.55,NetBanking,TRX438325604,01-05-2023
2029,351393.42,Cash,TRX597389639,30-07-2024
2085,27709.2,Card,TRX483710303,27-04-2024
325,2381232.68,UPI,TRX703276171,14-03-2025
673,264350.1,NetBanking,TRX716603395,07-11-2025
895,315073.66,Cash,TRX237545060,20-03-2025
2084,37900.11,Card,TRX895446059,23-07-2025
2383,429174.52,UPI,TRX946657672,02-03-2023
1638,156496.8,NetBanking,TRX978948502,24-01-2024
2086,17619928.5,Cash,TRX130809803,31-10-2023
783,458925.06,Card,TRX253885491,22-09-2023
2874,1257.06,UPI,TRX676515693,24-02-2024
1794,6910.1,NetBanking,TRX023166229,28-07-2025
334,2808769.54,Cash,TRX719987977,22-11-2023
1071,2823793.16,Card,TRX287785434,21-06-2023
2330,404246.16,UPI,TRX072566849,04-07-2024
2708,225558.33,NetBanking,TRX536227944,30-12-2024
540,99464.26,Cash,TRX764672316,10-11-2024
2445,7093955.1,Card,TRX206340625,13-07-2025
2793,279412.28,UPI,TRX565623743,20-06-2025
1739,7052295.24,NetBanking,TRX464716524,13-05-2024
1109,440785.34,Cash,TRX651258262,05-04-2024
2516,111933.1,Card,TRX541483718,01-07-2025
2411,667035.82,UPI,TRX173259913,11-07-2023
2261,20062091.84,NetBanking,TRX230739939,28-02-2025
277,686675.82,Cash,TRX346789724,29-07-2023
300,3465855.76,Card,TRX298545155,03-09-2024
1842,615003.21,UPI,TRX015257685,06-06-2024
2898,988303.7,NetBanking,TRX635185645,13-06-2024
2327,21712225.21,Cash,TRX360577763,26-11-2023
662,23647.79,Card,TRX732738912,04-12-2023
284,259988.51,UPI,TRX545705793,24-02-2023
2368,21275676.75,NetBanking,TRX868860449,25-09-2025
2794,1411311.66,Cash,TRX917089273,14-04-2023
1254,7077597.53,Card,TRX789716081,17-12-2024
342,1157022.84,UPI,TRX236030147,23-04-2024
1133,10196798.94,NetBanking,TRX804585070,07-05-2025
2137,3729402.85,Cash,TRX462955499,12-08-2025
1271,4872078.28,Card,TRX845752724,06-06-2025
2481,755157.32,UPI,TRX132023650,16-07-2024
1073,368755.55,NetBanking,TRX354038939,27-04-2024
1019,16386629.4,Cash,TRX797982806,21-09-2025
2912,787702.32,Card,TRX947856970,03-10-2025
439,857330.17,UPI,TRX749340709,10-07-2024
206,3094995.38,NetBanking,TRX065456678,24-06-2023
1773,21499007.59,Cash,TRX081937591,27-05-2024
586,8820895.55,Card,TRX510490203,30-07-2023
53,4297000.31,UPI,TRX971975761,12-03-2025
336,1387554.09,NetBanking,TRX873352758,22-01-2025
2317,12713016.57,Cash,TRX871935401,23-09-2025
275,4871325.05,Card,TRX281673487,08-02-2024
1801,505722.51,UPI,TRX318956039,19-07-2024
2666,87445.1,NetBanking,TRX300371352,02-06-2024
2184,3740151.92,Cash,TRX374001288,22-09-2023
2635,15430422.6,Card,TRX978329393,13-09-2023
2480,716167.76,UPI,TRX232841643,04-12-2023
136,3020315.62,NetBanking,TRX290568458,26-07-2024
139,650218.12,Cash,TRX193999197,18-04-2025
2515,72630.01,Card,TRX129388646,17-08-2023
1033,37400.38,UPI,TRX026807344,20-08-2025
1868,1267173.11,NetBanking,TRX253169615,24-05-2025
1499,80979.6,Cash,TRX674938971,25-01-2023
1734,226442.88,Card,TRX514472005,02-05-2024
825,1538413.78,UPI,TRX117464811,28-04-2024
403,73541.86,NetBanking,TRX767921161,06-06-2024
2072,573366.18,Cash,TRX429634770,22-10-2023
2219,868866.69,Card,TRX519511577,05-07-2025
1350,495799.77,UPI,TRX627027262,19-05-2024
33,4336219.3,NetBanking,TRX505102391,13-01-2024
1643,238702.78,Cash,TRX978967038,20-01-2025
549,83194.83,Card,TRX408721678,09-04-2023
1858,38678.3,UPI,TRX425884499,28-08-2025
380,295086.44,NetBanking,TRX105913242,22-09-2023
653,230698.94,Cash,TRX359244313,12-02-2025
2744,11375279.42,Card,TRX126489749,17-12-2023
1339,1975155.63,UPI,TRX994972772,04-11-2024
130,1406914.25,NetBanking,TRX934454844,24-03-2023
23,1107636.66,Cash,TRX224555971,10-11-2024
612,438965.14,Card,TRX650399046,24-11-2023
486,158199.23,UPI,TRX169687196,08-04-2023
2341,14634903.07,NetBanking,TRX432830708,17-11-2025
2713,252884.1,Cash,TRX931513651,30-03-2023
1521,2921141.54,Card,TRX420170712,15-11-2024
1528,35537.86,UPI,TRX530177857,14-09-2025
765,1978869.51,NetBanking,TRX021117932,12-10-2024
2550,52893.38,Cash,TRX676960050,22-04-2025
1855,1519252.11,Card,TRX621995031,05-03-2024
552,1400563.29,UPI,TRX039917535,08-01-2025
887,714704.84,NetBanking,TRX637147266,17-02-2023
1772,151703,Cash,TRX164558780,31-05-2025
2548,225878.25,Card,TRX917229593,29-06-2023
1669,2497533.05,UPI,TRX859798060,06-06-2025
386,228509.27,NetBanking,TRX398536802,20-09-2024
1983,429612.81,Cash,TRX164657186,16-10-2024
364,509929.48,Card,TRX606779984,28-09-2023
433,1455331.44,UPI,TRX454134791,29-09-2025
2518,14376147.09,NetBanking,TRX241897141,03-02-2025
1187,494744.12,Cash,TRX531291929,03-06-2024
1123,8759402.18,Card,TRX579675918,25-12-2025
345,16817081.46,UPI,TRX168631418,29-06-2024
92,165247.68,NetBanking,TRX345912376,29-03-2023
2471,352730.24,Cash,TRX954577801,16-05-2023
541,691345.03,Card,TRX059046769,22-09-2024
1598,16243008.04,UPI,TRX626570582,15-08-2023
2355,865302.5,NetBanking,TRX068866194,15-01-2023
437,14041112.83,Cash,TRX009661963,30-09-2025
957,7471,Card,TRX703369489,03-04-2023
998,12404310.25,UPI,TRX181981906,31-05-2024
1065,97904.92,NetBanking,TRX852823559,14-04-2023
2502,19130638.95,Cash,TRX669813802,28-12-2023
1719,1852618.25,Card,TRX510423039,18-07-2025
197,132264.96,UPI,TRX917341807,12-01-2024
1795,9724805.26,NetBanking,TRX629715308,03-12-2024
2624,5266097.54,Cash,TRX654950728,22-03-2023
493,443035.76,Card,TRX050689798,14-06-2023
999,16722208.02,UPI,TRX883514694,09-05-2025
707,513297.8,NetBanking,TRX735130603,11-05-2025
759,25735.58,Cash,TRX684090611,28-08-2025
2802,8584197.6,Card,TRX282775798,21-01-2024
311,574715.42,UPI,TRX837049947,16-03-2024
2372,325968.18,NetBanking,TRX438060242,10-11-2025
1252,6262968.17,Cash,TRX016391371,01-04-2023
2014,4238885.36,Card,TRX189096729,22-06-2025
2738,412122.77,UPI,TRX777545610,25-07-2025
2888,10052606.53,NetBanking,TRX407084666,13-04-2023
420,13836.85,Cash,TRX673695611,26-09-2023
1255,2501904.25,Card,TRX795164495,23-05-2025
1651,392495.99,UPI,TRX347605977,31-07-2023
1722,5076074.51,NetBanking,TRX501948361,24-01-2024
845,1728814.15,Cash,TRX326360248,05-03-2025
1322,471936.56,Card,TRX112358870,10-01-2023
196,2893806.18,UPI,TRX572407055,22-11-2025
291,2388806.86,NetBanking,TRX134625331,26-04-2023
2376,2270163.61,Cash,TRX861755710,12-02-2023
2194,956284.22,Card,TRX351328261,21-02-2024
1069,103696.57,UPI,TRX873582098,18-12-2025
2461,629164.94,NetBanking,TRX892592310,18-11-2023
2100,601894.62,Cash,TRX887381503,02-09-2025
61,3838521.04,Card,TRX290121711,28-05-2024
2851,29090375.42,UPI,TRX161011531,05-10-2024
2240,4873.39,NetBanking,TRX368444989,31-08-2025
602,136343.55,Cash,TRX038247784,09-10-2025
2122,11934771.51,Card,TRX837327574,13-01-2025
691,3675813.4,UPI,TRX460104251,07-11-2025
697,16680.16,NetBanking,TRX792618429,10-09-2024
2604,12301170.91,Cash,TRX196343860,12-08-2023
705,6184.08,Card,TRX080074726,03-11-2023
104,4498688.58,UPI,TRX162677581,10-02-2023
2325,223732.98,NetBanking,TRX626669360,22-08-2023
1032,413888.81,Cash,TRX322226677,09-03-2024
171,1996914.7,Card,TRX224216813,27-08-2023
1591,2761797.26,UPI,TRX786889303,08-02-2024
2381,1232655.03,NetBanking,TRX122127854,07-09-2023
2569,20708820.01,Cash,TRX985580793,18-08-2024
427,286474.93,Card,TRX089893574,25-09-2023
2934,1792027.14,UPI,TRX520966277,14-05-2023
347,1828977.07,NetBanking,TRX106391551,02-06-2023
179,1144337.45,Cash,TRX492699893,21-10-2024
2279,13039907.82,Card,TRX737278120,15-09-2025
636,5548328.6,UPI,TRX201697333,04-04-2025
1228,13584732.89,NetBanking,TRX242619925,10-04-2025
1652,544689.76,Cash,TRX056651961,14-04-2023
1518,326391.84,Card,TRX954070369,17-10-2023
1387,1098421.6,UPI,TRX424160148,21-01-2023
2030,226017.8,NetBanking,TRX617056198,12-06-2024
2693,276972.35,Cash,TRX213084495,23-06-2025
2973,46808.78,Card,TRX271040117,29-07-2023
445,532662.98,UPI,TRX789443811,06-08-2025
2573,270415.92,NetBanking,TRX449110862,30-06-2025
889,93639.75,Cash,TRX830547727,10-01-2025
1611,9992396.66,Card,TRX262750723,13-07-2024
2487,9274438.71,UPI,TRX226941434,11-01-2024
1724,41593.66,NetBanking,TRX481391530,20-11-2023
2004,7705.17,Cash,TRX862713829,28-11-2024
2503,6539478.1,Card,TRX084810487,25-07-2024
253,29851.24,UPI,TRX181012465,06-04-2024
1369,7166861.56,NetBanking,TRX921537756,29-05-2023
692,2350706.06,Cash,TRX804651272,04-12-2025
2174,3503205.86,Card,TRX901386573,09-04-2024
2343,413220.66,UPI,TRX347753402,04-10-2025
2237,4687988.76,NetBanking,TRX209198339,08-08-2025
2248,663311.88,Cash,TRX858180881,25-10-2023
133,1088926.24,Card,TRX650406087,07-10-2024
1134,650352.81,UPI,TRX483014080,15-05-2024
1237,5626098,NetBanking,TRX308621892,04-06-2025
2019,131812.53,Cash,TRX350762948,19-12-2023
1818,9814366.9,Card,TRX748090699,20-02-2025
383,2370891.8,UPI,TRX225784886,05-07-2025
2638,3953041.42,NetBanking,TRX601578089,15-10-2025
2483,847427.2,Cash,TRX176927085,13-03-2025
2484,170289.75,Card,TRX804515155,31-12-2023
301,4603344.78,UPI,TRX764308996,26-01-2023
1600,57818.67,NetBanking,TRX603174901,14-03-2024
2188,4272815.15,Cash,TRX134424048,24-03-2024
771,214706.09,Card,TRX499671138,01-05-2023
2154,4163767.38,UPI,TRX403130636,08-12-2023
2088,328740.67,NetBanking,TRX594543930,19-03-2024
1497,7667484.58,Cash,TRX875453555,17-09-2025
1875,441557.2,Card,TRX303680773,18-12-2023
1402,737429.49,UPI,TRX380495252,15-01-2025
432,12178016.81,NetBanking,TRX640290508,01-10-2025
2847,50628.12,Cash,TRX522784123,25-07-2025
1582,1810644.09,Card,TRX173154182,26-04-2024
2239,545721.06,UPI,TRX403410448,25-05-2023
1763,18124.8,NetBanking,TRX617154554,22-11-2024
319,5105263.24,Cash,TRX508683540,21-08-2024
1347,470185.31,Card,TRX184268929,14-09-2023
1,80330188.84,UPI,TRX975049210,14-02-2025
1417,103203.48,NetBanking,TRX716881064,26-05-2023
76,1025063.75,Cash,TRX008783175,01-10-2024
2384,161419.04,Card,TRX892881304,12-02-2024
2373,5821019.2,UPI,TRX735523940,18-02-2025
346,72341.77,NetBanking,TRX891650712,05-03-2025
267,4600554.22,Cash,TRX780606622,18-01-2025
68,2709465.53,Card,TRX376465748,26-06-2025
2859,8889.62,UPI,TRX619410060,10-05-2025
773,421071.32,NetBanking,TRX693059888,10-10-2023
2941,2975944.31,Cash,TRX862494117,11-06-2023
1817,39425.16,Card,TRX191353610,13-09-2024
146,400842.32,UPI,TRX737680615,13-02-2025
2192,1623503.96,NetBanking,TRX996114460,15-10-2025
861,1693137.44,Cash,TRX836461175,13-11-2023
738,6532283.05,Card,TRX424511246,17-04-2023
2500,145521.36,UPI,TRX851139028,09-02-2025
797,383295.15,NetBanking,TRX719206274,17-03-2025
1633,6219058.56,Cash,TRX035212807,10-02-2025
582,28590495.59,Card,TRX160207532,18-10-2025
1958,287706.22,UPI,TRX058639241,14-11-2023
2812,5896186.92,NetBanking,TRX872358363,04-01-2023
1973,15598247.34,Cash,TRX407377923,05-10-2023
2013,1108873.1,Card,TRX652388261,21-11-2023
237,165705.65,UPI,TRX621404863,11-12-2023
262,488201.46,NetBanking,TRX262881427,01-01-2025
1892,1584445.77,Cash,TRX863674850,10-07-2025
504,146992.65,Card,TRX499908203,17-05-2024
1689,53010.21,UPI,TRX261432391,19-04-2025
238,115529.07,NetBanking,TRX631962070,19-08-2025
399,7911597.22,Cash,TRX754926535,25-03-2025
1504,316333.83,Card,TRX351192628,01-11-2023
1699,12617.4,UPI,TRX725832191,03-01-2026
547,1076494.83,NetBanking,TRX918202566,25-03-2025
818,1289189.56,Cash,TRX486683762,24-11-2025
737,230648.39,Card,TRX559319675,11-04-2024
2966,1244401.54,UPI,TRX730524289,26-03-2024
569,165649.86,NetBanking,TRX587905768,10-04-2023
2258,12942270,Cash,TRX491107349,16-10-2023
452,719521.78,Card,TRX072388096,18-05-2024
798,46311.52,UPI,TRX017411233,06-02-2024
2289,8805637.82,NetBanking,TRX935431487,02-06-2023
2596,290724.52,Cash,TRX918895803,11-09-2025
2472,12958190,Card,TRX338508416,05-08-2025
2585,4105876.52,UPI,TRX411727242,02-03-2025
1623,210384.81,NetBanking,TRX560290584,17-09-2024
2696,3075643.1,Cash,TRX391225291,11-10-2024
2197,300499.24,Card,TRX407079480,14-07-2025
2337,1080199.8,UPI,TRX351447772,15-09-2024
685,1499457.96,NetBanking,TRX514927115,22-12-2024
905,31216890.98,Cash,TRX717336448,11-11-2023
2834,2879638.86,Card,TRX693480965,24-05-2024
2671,4592842.5,UPI,TRX495139025,06-03-2023
2895,5732205.71,NetBanking,TRX687947921,04-09-2024
2926,1617401.29,Cash,TRX919341268,15-12-2025
973,1224191.13,Card,TRX001450277,02-12-2024
79,527657.04,UPI,TRX504985494,23-09-2025
1532,146781.6,NetBanking,TRX014935776,30-09-2024
2056,14231.88,Cash,TRX689503239,10-12-2023
1895,316590.5,Card,TRX732399474,08-04-2025
2884,449787.24,UPI,TRX703378661,09-07-2025
2629,159854.24,NetBanking,TRX536576662,08-03-2023
1448,4018504.6,Cash,TRX990754018,13-06-2025
2144,75630407.16,Card,TRX154941829,21-07-2023
17,3610862.98,UPI,TRX192456710,04-01-2025
2409,5561281.52,NetBanking,TRX426036244,04-11-2023
1116,1628307.94,Cash,TRX323690515,04-08-2024
2020,817191.24,Card,TRX823816805,20-06-2024
2790,537717.11,UPI,TRX871160482,07-09-2024
404,1918936.18,NetBanking,TRX706579006,08-02-2023
997,4556458.68,Cash,TRX155072473,08-10-2024
1029,5920843.82,Card,TRX934481843,12-09-2025
1280,1889745.16,UPI,TRX769323064,28-11-2023
1068,8758527.19,NetBanking,TRX276847760,08-08-2025
2909,29430.58,Cash,TRX932603857,07-01-2024
616,1572202.08,Card,TRX904611900,15-07-2025
1245,3833215.29,UPI,TRX776595356,19-08-2024
2282,2354459.11,NetBanking,TRX247947394,12-06-2024
1211,84221.67,Cash,TRX807899014,23-05-2025
63,9532812.17,Card,TRX951072953,31-01-2025
2437,1038209.34,UPI,TRX866425093,05-12-2023
2875,504054.4,NetBanking,TRX947526413,27-06-2023
516,526286.11,Cash,TRX592039226,13-10-2023
1294,1820013.9,Card,TRX406864364,03-04-2025
882,66976.67,UPI,TRX958432489,07-01-2024
955,1001916.08,NetBanking,TRX986436779,13-12-2023
1876,912171.68,Cash,TRX006997280,14-02-2024
1304,17769.16,Card,TRX543914227,24-05-2023
1590,70810.62,UPI,TRX552117206,02-06-2024
1103,496955.59,NetBanking,TRX791993074,17-12-2024
669,2541292.35,Cash,TRX393436631,22-07-2025
2885,90315.83,Card,TRX084566375,21-05-2023
221,106404.92,UPI,TRX889263802,01-08-2024
2251,1813647.78,NetBanking,TRX374378970,25-07-2024
2002,2765333.63,Cash,TRX051120130,27-05-2025
688,6494348.4,Card,TRX313298620,28-06-2025
1207,11985764,UPI,TRX655236289,15-04-2025
2882,25328515.66,NetBanking,TRX858353693,27-11-2024
1093,12279565.02,Cash,TRX328323742,27-11-2024
1076,6566409.44,Card,TRX543850213,25-11-2025
2202,793862.51,UPI,TRX062256678,22-06-2024
2052,199287,NetBanking,TRX251325872,06-09-2024
1659,455987.45,Cash,TRX318237146,10-05-2024
326,2200651.4,Card,TRX967992949,16-01-2023
1879,11178286.94,UPI,TRX694137381,27-12-2025
2340,6643730.02,NetBanking,TRX148447117,03-07-2023
1939,1950692.8,Cash,TRX556706102,19-07-2023
1327,531960.32,Card,TRX958754208,19-09-2025
1450,91229.35,UPI,TRX322056224,07-05-2023
2637,540873.95,NetBanking,TRX115899282,14-09-2025
183,37326.45,Cash,TRX958775666,06-04-2023
1225,13296826.21,Card,TRX208375079,17-06-2024
150,1251217.76,UPI,TRX060652334,28-06-2024
2787,487458.63,NetBanking,TRX345207616,28-01-2023
656,5492447.98,Cash,TRX547864516,27-06-2024
2033,10028882.11,Card,TRX778986338,28-07-2024
1731,133674.09,UPI,TRX330583566,28-12-2024
122,550755.15,NetBanking,TRX313679039,05-11-2024
1355,238635.36,Cash,TRX570078801,25-02-2024
648,4898497.61,Card,TRX432819133,17-11-2025
570,363560.68,UPI,TRX833980446,12-12-2024
995,1602931.46,NetBanking,TRX580408476,23-05-2024
2359,3720156.85,Cash,TRX940114487,12-01-2024
1014,2678947.66,Card,TRX481537074,14-02-2025
1125,11254258.97,UPI,TRX960366645,19-09-2024
530,107948.22,NetBanking,TRX157291747,12-12-2023
536,1069922.7,Cash,TRX826565672,15-10-2025
1715,1381392.15,Card,TRX910056104,30-06-2023
520,264872.92,UPI,TRX511503605,22-06-2024
148,884088.11,NetBanking,TRX645254976,06-01-2024
790,9868452.07,Cash,TRX421505543,25-11-2023
